trading_day_id,side,sweep_time,sweep_level,london_end,max_extension,reverted_inside_by_end,time_to_revert_min,max_adverse,max_favorable,dow,hour,contain_streak,resolve_streak,asia_contains_prev_ny,asia_resolves_prev_ny,ny_prev_high,ny_prev_low,asia_range_pips,asia_range_pct_20d,ny_range_pct_20d,asia_high,asia_low,compression_flag,imbalance_score,asia_range,asia_quartile
2024-01-01,down_sweep,2024-01-02 01:00:00,1.10342,2024-01-02 03:59:00,0.00191,False,47.0,0.00191,0.0004499999999998,Monday,1,,,,,,,,,,,,False,,,Q4
2024-01-02,up_sweep,2024-01-03 01:05:00,1.09546,2024-01-03 03:59:00,0.0010799999999999,True,0.0,0.0010799999999999,0.0004399999999999,Tuesday,1,1.0,0.0,True,False,1.09682,1.09408,13.400000000001189,,,1.09546,1.09412,False,-0.01459854014600019,0.0013400000000001189,Q4
2024-01-03,up_sweep,2024-01-04 01:00:00,1.09266,2024-01-04 03:59:00,0.00293,False,33.0,0.00293,0.00058,Wednesday,1,2.0,0.0,True,False,1.09385,1.08929,10.299999999998644,0.0,100.0,1.09266,1.09163,True,-0.26096491228071295,0.0010299999999998644,Q3
2024-01-04,down_sweep,2024-01-05 01:00:00,1.09443,2024-01-05 03:59:00,0.0040899999999999,False,,0.0040899999999999,-0.00069,Thursday,1,3.0,0.0,True,False,1.09652,1.09327,11.499999999999844,50.0,50.0,1.09558,1.09443,False,-0.28923076923075325,0.0011499999999999844,Q4
2024-01-07,down_sweep,2024-01-08 01:00:00,1.09402,2024-01-08 03:59:00,0.00109,False,13.0,0.00109,0.0012,Sunday,1,,,,,,,,,,,,False,,,Q4
2024-01-08,down_sweep,2024-01-09 01:02:00,1.09492,2024-01-09 03:59:00,0.0010299999999998,True,0.0,0.0010299999999998,0.00137,Monday,1,1.0,0.0,True,False,1.09788,1.09471,12.600000000000389,66.66666666666666,33.33333333333333,1.09618,1.09492,False,-0.06624605678228025,0.0012600000000000389,Q4
2024-01-09,down_sweep,2024-01-10 01:51:00,1.09261,2024-01-10 03:59:00,0.0003300000000001,False,0.0,0.0003300000000001,0.0019199999999999,Tuesday,1,2.0,0.0,True,False,1.09513,1.09103,10.200000000000207,0.0,75.0,1.09363,1.09261,True,-0.3658536585365457,0.0010200000000000209,Q3
2024-01-10,up_sweep,2024-01-11 01:20:00,1.09802,2024-01-11 03:59:00,0.0008300000000001,True,84.0,0.0008300000000001,0.00085,Wednesday,1,0.0,1.0,False,True,1.09728,1.0932,7.200000000000539,0.0,60.0,1.09802,1.0973,True,0.18137254901959504,0.0007200000000000539,Q2
2024-01-11,down_sweep,2024-01-12 02:03:00,1.09725,2024-01-12 03:59:00,0.0011700000000001,True,63.0,0.0011700000000001,0.00102,Thursday,2,1.0,0.0,True,False,1.1,1.09302,12.099999999999334,66.66666666666666,100.0,1.09846,1.09725,False,-0.22063037249285097,0.0012099999999999334,Q4
2024-01-14,up_sweep,2024-01-15 01:00:00,1.09561,2024-01-15 03:59:00,0.0010499999999999,False,109.0,0.0010499999999999,0.0004599999999999,Sunday,1,,,,,,,,,,,,False,,,Q4
2024-01-15,down_sweep,2024-01-16 01:00:00,1.09154,2024-01-16 03:59:00,0.0020999999999999,False,13.0,0.0020999999999999,0.0011099999999999,Monday,1,0.0,1.0,False,True,1.09528,1.09381,30.70000000000128,100.0,0.0,1.09461,1.09154,True,1.5442176870747395,0.003070000000000128,Q4
2024-01-16,down_sweep,2024-01-17 01:00:00,1.08723,2024-01-17 03:59:00,0.0016899999999999,False,83.0,0.0016899999999999,0.0009100000000001,Tuesday,1,1.0,0.0,True,False,1.08979,1.0862,9.900000000000464,12.5,50.0,1.08822,1.08723,True,-0.2869080779943926,0.0009900000000000464,Q3
2024-01-17,up_sweep,2024-01-18 01:08:00,1.09008,2024-01-18 03:59:00,0.00059,False,66.0,0.00059,0.0023299999999999,Wednesday,1,0.0,1.0,False,True,1.0882,1.08445,20.599999999999508,88.88888888888889,55.55555555555556,1.09008,1.08802,False,0.5013333333332828,0.0020599999999999508,Q4
2024-01-18,down_sweep,2024-01-19 01:31:00,1.08762,2024-01-19 03:59:00,0.0008099999999999,True,0.0,0.0008099999999999,0.0009999999999998,Thursday,1,0.0,2.0,False,True,1.08743,1.08466,11.099999999999444,40.0,20.0,1.08873,1.08762,True,0.4693140794224214,0.0011099999999999444,Q4
2024-01-21,up_sweep,2024-01-22 01:25:00,1.0905,2024-01-22 03:59:00,0.0004399999999999,True,10.0,0.0004399999999999,0.0018,Sunday,1,,,,,,,,,,,,False,,,Q4
2024-01-22,up_sweep,2024-01-23 01:00:00,1.08885,2024-01-23 03:59:00,0.0027699999999999,False,,0.0027699999999999,-0.0003899999999998,Monday,1,0.0,1.0,False,True,1.09,1.088,12.900000000000134,72.72727272727273,9.090909090909092,1.08885,1.08756,True,0.21999999999999778,0.0012900000000000134,Q4
2024-01-23,up_sweep,2024-01-24 01:00:00,1.08599,2024-01-24 03:59:00,0.0020199999999999,False,,0.0020199999999999,-2.999999999997449e-05,Tuesday,1,1.0,0.0,True,False,1.08758,1.08215,8.500000000000174,8.333333333333332,91.66666666666666,1.08599,1.08514,True,-0.292817679558005,0.0008500000000000174,Q2
2024-01-24,up_sweep,2024-01-25 01:28:00,1.08812,2024-01-25 03:59:00,0.00184,False,,0.00184,8.000000000008001e-05,Wednesday,1,0.0,1.0,False,True,1.09323,1.08791,10.999999999998789,38.46153846153847,84.61538461538461,1.08812,1.08702,False,0.1672932330826761,0.0010999999999998789,Q4
2024-01-25,down_sweep,2024-01-26 01:08:00,1.08373,2024-01-26 03:59:00,0.00245,True,0.0,0.00245,0.0004799999999998,Thursday,1,1.0,0.0,True,False,1.08999,1.08216,9.299999999998754,14.285714285714285,100.0,1.08466,1.08373,True,-0.2005108556832785,0.0009299999999998754,Q3
2024-01-28,down_sweep,2024-01-29 01:00:00,1.08413,2024-01-29 03:59:00,0.00082,False,11.0,0.00082,0.0008699999999999,Sunday,1,,,,,,,,,,,,False,,,Q4
2024-01-29,down_sweep,2024-01-30 01:00:00,1.08324,2024-01-30 03:59:00,0.0020499999999998,False,,0.0020499999999998,-2.999999999997449e-05,Monday,1,0.0,1.0,False,True,1.08404,1.07958,9.799999999999809,20.0,66.66666666666666,1.08422,1.08324,True,0.04035874439463513,0.0009799999999999809,Q3
2024-01-30,down_sweep,2024-01-31 01:00:00,1.08313,2024-01-31 03:59:00,0.0025299999999999,False,,0.0025299999999999,-0.0005299999999999,Tuesday,1,1.0,0.0,True,False,1.08573,1.08281,16.80000000000126,87.5,25.0,1.08481,1.08313,True,-0.10958904109584666,0.0016800000000001258,Q4
2024-01-31,down_sweep,2024-02-01 01:16:00,1.08016,2024-02-01 03:59:00,0.00217,False,9.0,0.00217,0.0002699999999999,Wednesday,1,2.0,0.0,True,False,1.08874,1.07949,12.799999999999478,70.58823529411765,100.0,1.08144,1.08016,False,-0.072432432432427,0.0012799999999999478,Q4
2024-02-01,up_sweep,2024-02-02 01:08:00,1.08796,2024-02-02 03:59:00,0.00106,True,7.0,0.00106,0.0006099999999999,Thursday,1,0.0,1.0,False,True,1.08748,1.08058,9.500000000000064,16.666666666666664,83.33333333333334,1.08796,1.08701,True,0.06956521739131051,0.0009500000000000064,Q3
2024-02-04,up_sweep,2024-02-05 01:08:00,1.07831,2024-02-05 03:59:00,0.0002999999999999,False,4.0,0.0002999999999999,0.0019600000000001,Sunday,1,,,,,,,,,,,,False,,,Q4
2024-02-05,up_sweep,2024-02-06 01:00:00,1.07472,2024-02-06 03:59:00,0.0015100000000001,True,166.0,0.0015100000000001,0.0002199999999998,Monday,1,1.0,0.0,True,False,1.0748,1.07231,6.299999999999084,0.0,10.526315789473683,1.07472,1.07409,True,-0.032128514056258564,0.0006299999999999084,Q1
2024-02-06,up_sweep,2024-02-07 01:08:00,1.07649,2024-02-07 03:59:00,0.00085,True,2.0,0.00085,0.00082,Tuesday,1,0.0,1.0,False,True,1.07574,1.0728,8.999999999999009,15.0,30.0,1.07649,1.07559,True,0.2551020408163412,0.0008999999999999009,Q3
2024-02-07,up_sweep,2024-02-08 01:00:00,1.07798,2024-02-08 03:59:00,0.0009099999999999,True,106.0,0.0009099999999999,0.0011399999999999,Wednesday,1,1.0,0.0,True,False,1.07838,1.07556,5.399999999999849,0.0,20.0,1.07798,1.07744,True,-0.14184397163119897,0.0005399999999999849,Q1
2024-02-08,down_sweep,2024-02-09 01:00:00,1.07722,2024-02-09 03:59:00,0.0002300000000001,True,30.0,0.0002300000000001,0.0012499999999999,Thursday,1,2.0,0.0,True,False,1.07827,1.07416,6.399999999999739,10.0,65.0,1.07786,1.07722,True,-0.09975669099757072,0.0006399999999999739,Q1
2024-02-11,down_sweep,2024-02-12 01:00:00,1.07937,2024-02-12 03:59:00,0.0019399999999998,False,62.0,0.0019399999999998,0.0011799999999999,Sunday,1,,,,,,,,,,,,False,,,Q4
2024-02-12,up_sweep,2024-02-13 02:04:00,1.07744,2024-02-13 03:59:00,0.00032,True,0.0,0.00032,0.0012199999999999,Monday,2,1.0,0.0,True,False,1.0786,1.07559,8.699999999999264,25.0,35.0,1.07744,1.07657,True,-0.3255813953488355,0.0008699999999999264,Q3
2024-02-13,up_sweep,2024-02-14 01:00:00,1.07144,2024-02-14 03:59:00,0.00042,False,6.0,0.00042,0.0019499999999998,Tuesday,1,2.0,0.0,True,False,1.07985,1.07005,11.2000000000001,70.0,100.0,1.07144,1.07032,False,-0.02755102040816241,0.0011200000000000099,Q4
2024-02-14,up_sweep,2024-02-15 02:23:00,1.07354,2024-02-15 03:59:00,0.00059,True,3.0,0.00059,0.00058,Wednesday,2,0.0,1.0,False,True,1.07344,1.07065,9.099999999999664,35.0,20.0,1.07354,1.07263,True,0.035842293906808036,0.0009099999999999664,Q3
2024-02-15,down_sweep,2024-02-16 01:00:00,1.07611,2024-02-16 03:59:00,0.0002499999999998,True,41.0,0.0002499999999998,0.00102,Thursday,1,1.0,0.0,True,False,1.07847,1.0747,12.500000000001954,75.0,55.00000000000001,1.07736,1.07611,False,-0.2944297082227929,0.0012500000000001954,Q4
2024-02-18,up_sweep,2024-02-19 02:19:00,1.07889,2024-02-19 03:59:00,5.000000000010552e-05,False,1.0,5.000000000010552e-05,0.0012699999999998,Sunday,2,,,,,,,,,,,,False,,,Q4
2024-02-19,up_sweep,2024-02-20 03:54:00,1.07769,2024-02-20 03:59:00,7.999999999985796e-05,True,1.0,7.999999999985796e-05,0.00014,Monday,3,1.0,0.0,True,False,1.07836,1.07621,12.0000000000009,70.0,10.0,1.07769,1.07649,True,-0.1302325581394662,0.0012000000000000899,Q4
2024-02-20,up_sweep,2024-02-21 01:00:00,1.08125,2024-02-21 03:59:00,0.0002699999999999,False,10.0,0.0002699999999999,0.00153,Tuesday,1,2.0,0.0,True,False,1.08387,1.08043,7.0000000000014495,15.0,45.0,1.08125,1.08055,True,-0.03488372093020404,0.000700000000000145,Q2
2024-02-21,up_sweep,2024-02-22 01:00:00,1.08321,2024-02-22 03:59:00,0.0056099999999998,False,,0.0056099999999998,-8.999999999992347e-05,Wednesday,1,0.0,1.0,False,True,1.08243,1.07999,12.099999999999334,75.0,10.0,1.08321,1.082,True,0.31967213114754245,0.0012099999999999334,Q4
2024-02-22,up_sweep,2024-02-23 03:04:00,1.08318,2024-02-23 03:59:00,5.999999999994898e-05,True,0.0,5.999999999994898e-05,0.00109,Thursday,3,1.0,0.0,True,False,1.08385,1.08026,16.899999999999693,100.0,55.00000000000001,1.08318,1.08149,False,-0.1866295264623821,0.0016899999999999693,Q4
2024-02-25,up_sweep,2024-02-26 01:00:00,1.08202,2024-02-26 03:59:00,0.00164,False,,0.00164,-0.00017,Sunday,1,,,,,,,,,,,,False,,,Q4
2024-02-26,up_sweep,2024-02-27 01:00:00,1.08508,2024-02-27 03:59:00,0.0015099999999999,False,8.0,0.0015099999999999,0.00038,Monday,1,1.0,0.0,True,False,1.08589,1.08386,5.399999999999849,5.0,5.0,1.08508,1.08454,True,-0.3349753694581389,0.0005399999999999849,Q1
2024-02-27,down_sweep,2024-02-28 01:00:00,1.08378,2024-02-28 03:59:00,0.0029399999999999,False,,0.0029399999999999,-0.00085,Tuesday,1,2.0,0.0,True,False,1.08577,1.0833,7.699999999999374,25.0,15.0,1.08455,1.08378,True,-0.19433198380568475,0.0007699999999999374,Q2
2024-02-28,down_sweep,2024-02-29 02:50:00,1.0828,2024-02-29 03:59:00,0.00021,True,0.0,0.00021,0.0019299999999999,Wednesday,2,3.0,0.0,True,False,1.08458,1.08087,12.300000000000644,80.0,60.0,1.08403,1.0828,False,-0.1482479784366672,0.0012300000000000644,Q4
2024-03-03,up_sweep,2024-03-04 02:00:00,1.0848,2024-03-04 03:59:00,0.0009799999999999,True,0.0,0.0009799999999999,0.00103,Sunday,2,,,,,,,,,,,,False,,,Q4
2024-03-04,down_sweep,2024-03-05 01:40:00,1.08475,2024-03-05 03:59:00,0.0006099999999999,False,16.0,0.0006099999999999,0.0004299999999999,Monday,1,1.0,0.0,True,False,1.08667,1.08428,7.699999999999374,30.0,10.0,1.08552,1.08475,True,-0.1966527196653431,0.0007699999999999374,Q2
2024-03-05,up_sweep,2024-03-06 01:01:00,1.08556,2024-03-06 03:59:00,0.0018499999999999,False,4.0,0.0018499999999999,6.000000000017103e-05,Tuesday,1,2.0,0.0,True,False,1.0876,1.08403,13.500000000001844,85.0,60.0,1.08556,1.08421,False,-0.050420168067186126,0.0013500000000001844,Q4
2024-03-06,down_sweep,2024-03-07 02:27:00,1.08965,2024-03-07 03:59:00,0.00089,True,0.0,0.00089,0.0001299999999999,Wednesday,2,3.0,0.0,True,False,1.09153,1.08683,10.7999999999997,55.00000000000001,80.0,1.09073,1.08965,False,-0.17021276595743073,0.0010799999999999699,Q3
2024-03-07,down_sweep,2024-03-08 01:00:00,1.09464,2024-03-08 03:59:00,0.00174,False,1.0,0.00174,0.0004599999999999,Thursday,1,0.0,1.0,False,True,1.09491,1.08678,9.20000000000032,50.0,95.0,1.09556,1.09464,False,0.07995079950800021,0.0009200000000000319,Q3
2024-03-10,down_sweep,2024-03-11 01:15:00,1.09381,2024-03-11 03:59:00,0.00028,True,0.0,0.00028,0.00099,Sunday,1,,,,,,,,,,,,False,,,Q4
2024-03-11,up_sweep,2024-03-12 01:00:00,1.09343,2024-03-12 03:59:00,0.0005000000000001,False,79.0,0.0005000000000001,0.0013099999999999,Monday,1,0.0,1.0,False,True,1.09302,1.09145,7.599999999998719,25.0,0.0,1.09343,1.09267,True,0.261146496815147,0.0007599999999998719,Q2
2024-03-12,up_sweep,2024-03-13 02:05:00,1.09295,2024-03-13 03:59:00,0.0003199999999998,True,0.0,0.0003199999999998,0.0008799999999999,Tuesday,2,0.0,2.0,False,True,1.09273,1.09023,6.200000000000649,10.0,30.0,1.09295,1.09233,True,0.08800000000004547,0.0006200000000000649,Q1
2024-03-13,down_sweep,2024-03-14 01:00:00,1.09452,2024-03-14 03:59:00,0.0013499999999999,False,,0.0013499999999999,-0.0001299999999999,Wednesday,1,1.0,0.0,True,False,1.09638,1.09313,9.500000000000064,55.00000000000001,50.0,1.09547,1.09452,False,-0.2799999999999918,0.0009500000000000064,Q3
2024-03-14,down_sweep,2024-03-15 01:01:00,1.08755,2024-03-15 03:59:00,1.0000000000065512e-05,True,0.0,1.0000000000065512e-05,0.0011399999999999,Thursday,1,0.0,1.0,False,True,1.09205,1.08806,8.999999999999009,40.0,75.0,1.08845,1.08755,False,0.12781954887218505,0.0008999999999999009,Q3
2024-03-17,up_sweep,2024-03-18 02:00:00,1.089,2024-03-18 03:59:00,0.0007699999999999,False,0.0,0.0007699999999999,0.0001299999999999,Sunday,2,,,,,,,,,,,,False,,,Q4
2024-03-18,down_sweep,2024-03-19 01:00:00,1.08667,2024-03-19 03:59:00,0.0024399999999999,False,24.0,0.0024399999999999,0.00017,Monday,1,1.0,0.0,True,False,1.08932,1.08661,7.800000000000029,30.0,35.0,1.08745,1.08667,True,-0.022140221402195275,0.0007800000000000029,Q2
2024-03-19,up_sweep,2024-03-20 01:03:00,1.08657,2024-03-20 03:59:00,0.0006299999999999,False,108.0,0.0006299999999999,0.00157,Tuesday,1,2.0,0.0,True,False,1.08676,1.08493,7.500000000000284,15.0,5.0,1.08657,1.08582,True,-0.10382513661197412,0.0007500000000000284,Q2
2024-03-20,up_sweep,2024-03-21 02:01:00,1.09389,2024-03-21 03:59:00,0.0003699999999999,False,14.0,0.0003699999999999,0.0051700000000001,Wednesday,2,0.0,1.0,False,True,1.09228,1.08373,8.20000000000043,40.0,100.0,1.09389,1.09307,False,0.1883040935672681,0.0008200000000000429,Q2
2024-03-21,down_sweep,2024-03-22 01:00:00,1.085,2024-03-22 03:59:00,0.0041899999999999,False,,0.0041899999999999,-0.0008699999999999,Thursday,1,0.0,2.0,False,True,1.09011,1.08554,17.899999999999583,100.0,80.0,1.08679,1.085,False,0.11816192560174821,0.0017899999999999583,Q4
2024-03-24,up_sweep,2024-03-25 01:00:00,1.08196,2024-03-25 03:59:00,0.00041,True,2.0,0.00041,0.0012499999999999,Sunday,1,,,,,,,,,,,,False,,,Q4
2024-03-25,up_sweep,2024-03-26 01:00:00,1.08454,2024-03-26 03:59:00,0.00075,False,100.0,0.00075,0.00068,Monday,1,0.0,1.0,False,True,1.08424,1.08291,9.40000000000163,55.00000000000001,0.0,1.08454,1.0836,True,0.2255639097744022,0.0009400000000001629,Q3
2024-03-26,up_sweep,2024-03-27 02:25:00,1.08327,2024-03-27 03:59:00,9.9999999999989e-05,True,1.0,9.9999999999989e-05,0.0011499999999999,Tuesday,2,0.0,2.0,False,True,1.08548,1.08242,12.199999999999989,75.0,45.0,1.08327,1.08205,False,0.12091503267973003,0.0012199999999999989,Q4
2024-03-27,up_sweep,2024-03-28 01:00:00,1.08202,2024-03-28 03:59:00,0.0003699999999999,False,32.0,0.0003699999999999,0.0030499999999999,Wednesday,1,0.0,3.0,False,True,1.0829,1.08108,12.199999999999989,75.0,10.0,1.08202,1.0808,True,0.15384615384619138,0.0012199999999999989,Q4
2024-03-28,down_sweep,2024-03-29 01:00:00,1.07758,2024-03-29 03:59:00,0.0007999999999999,True,41.0,0.0007999999999999,0.0005699999999999,Thursday,1,0.0,4.0,False,True,1.08188,1.07846,15.499999999999403,85.0,55.00000000000001,1.07913,1.07758,False,0.2573099415204671,0.0015499999999999403,Q4
2024-03-31,down_sweep,2024-04-01 01:00:00,1.07901,2024-04-01 03:59:00,0.0007399999999999,False,128.0,0.0007399999999999,0.0001999999999999,Sunday,1,,,,,,,,,,,,False,,,Q4
2024-04-01,down_sweep,2024-04-02 01:43:00,1.07309,2024-04-02 03:59:00,0.0006300000000001,False,4.0,0.0006300000000001,0.0011799999999999,Monday,1,1.0,0.0,True,False,1.07829,1.07309,8.899999999998354,40.0,85.0,1.07398,1.07309,False,0.0,0.0008899999999998354,Q3
2024-04-02,up_sweep,2024-04-03 01:00:00,1.07716,2024-04-03 03:59:00,0.0005700000000001,True,83.0,0.0005700000000001,0.0007599999999998,Tuesday,1,2.0,0.0,True,False,1.0779,1.07457,5.699999999999594,0.0,50.0,1.07716,1.07659,True,-0.22222222222227409,0.0005699999999999594,Q1
2024-04-03,up_sweep,2024-04-04 01:01:00,1.08434,2024-04-04 03:59:00,0.0014899999999999,False,0.0,0.0014899999999999,0.00045,Wednesday,1,0.0,1.0,False,True,1.08368,1.0773,8.700000000001484,35.0,90.0,1.08434,1.08347,False,0.10344827586208456,0.0008700000000001484,Q3
2024-04-04,down_sweep,2024-04-05 01:00:00,1.08349,2024-04-05 03:59:00,0.0012499999999999,True,128.0,0.0012499999999999,0.0005999999999999,Thursday,1,1.0,0.0,True,False,1.08765,1.08332,8.999999999999009,50.0,65.0,1.08439,1.08349,False,-0.03926096997690662,0.0008999999999999009,Q3
2024-04-07,up_sweep,2024-04-08 01:01:00,1.0833,2024-04-08 03:59:00,0.0004699999999999,True,48.0,0.0004699999999999,0.0004599999999999,Sunday,1,,,,,,,,,,,,False,,,Q4
2024-04-08,down_sweep,2024-04-09 01:00:00,1.08575,2024-04-09 03:59:00,0.0006299999999999,False,8.0,0.0006299999999999,0.00051,Monday,1,0.0,1.0,False,True,1.08621,1.0827,5.999999999999339,5.0,55.00000000000001,1.08635,1.08575,True,0.03988603988604926,0.0005999999999999339,Q1
2024-04-09,down_sweep,2024-04-10 01:00:00,1.08551,2024-04-10 03:59:00,0.0007399999999999,True,15.0,0.0007399999999999,0.0001900000000001,Tuesday,1,1.0,0.0,True,False,1.0885,1.08477,4.60000000000127,0.0,60.0,1.08597,1.08551,True,-0.19839142091151762,0.000460000000000127,Q1
2024-04-10,up_sweep,2024-04-11 01:00:00,1.07458,2024-04-11 03:59:00,0.0001299999999999,True,6.0,0.0001299999999999,0.0019299999999999,Wednesday,1,2.0,0.0,True,False,1.08626,1.07288,7.500000000000284,25.0,100.0,1.07458,1.07383,True,-0.07100149476831166,0.0007500000000000284,Q2
2024-04-11,down_sweep,2024-04-12 01:00:00,1.07224,2024-04-12 03:59:00,0.00482,False,,0.00482,-0.0008400000000001,Thursday,1,3.0,0.0,True,False,1.07564,1.06992,5.800000000000249,10.0,80.0,1.07282,1.07224,True,-0.4055944055944268,0.0005800000000000249,Q1
2024-04-14,up_sweep,2024-04-15 01:00:00,1.065,2024-04-15 03:59:00,0.0014800000000001,False,,0.0014800000000001,9.999999999843467e-06,Sunday,1,,,,,,,,,,,,False,,,Q4
2024-04-15,down_sweep,2024-04-16 01:00:00,1.0618,2024-04-16 03:59:00,0.00157,False,31.0,0.00157,0.0004799999999998,Monday,1,0.0,1.0,False,True,1.06607,1.06202,10.3999999999993,80.0,65.0,1.06284,1.0618,False,0.054320987654291615,0.0010399999999999299,Q3
2024-04-16,down_sweep,2024-04-17 01:30:00,1.06171,2024-04-17 03:59:00,0.0011099999999999,False,44.0,0.0011099999999999,0.00207,Tuesday,1,1.0,0.0,True,False,1.06535,1.0601,8.00000000000134,40.0,80.0,1.06251,1.06171,False,-0.30666666666664694,0.0008000000000001339,Q2
2024-04-17,up_sweep,2024-04-18 01:00:00,1.06737,2024-04-18 03:59:00,0.00163,False,,0.00163,-0.0001200000000001,Wednesday,1,2.0,0.0,True,False,1.06796,1.063,9.399999999999409,65.0,70.0,1.06737,1.06643,False,-0.11895161290324223,0.0009399999999999409,Q3
2024-04-18,down_sweep,2024-04-19 01:00:00,1.0636,2024-04-19 03:59:00,0.0009000000000001,False,1.0,0.0009000000000001,0.0023199999999998,Thursday,1,0.0,1.0,False,True,1.06747,1.06419,8.599999999998609,45.0,25.0,1.06446,1.0636,True,0.17987804878045044,0.0008599999999998609,Q2
2024-04-21,up_sweep,2024-04-22 01:00:00,1.06649,2024-04-22 03:59:00,0.00042,True,9.0,0.00042,0.0012499999999999,Sunday,1,,,,,,,,,,,,False,,,Q4
2024-04-22,down_sweep,2024-04-23 01:07:00,1.06524,2024-04-23 03:59:00,0.00139,False,4.0,0.00139,0.0042599999999999,Monday,1,1.0,0.0,True,False,1.06607,1.06239,6.800000000000139,20.0,45.0,1.06592,1.06524,True,-0.04076086956524166,0.0006800000000000139,Q1
2024-04-23,down_sweep,2024-04-24 02:10:00,1.06995,2024-04-24 03:59:00,0.00146,False,0.0,0.00146,0.0001999999999999,Tuesday,2,2.0,0.0,True,False,1.07112,1.066,11.099999999999444,80.0,70.0,1.07106,1.06995,False,-0.011718750000033373,0.0011099999999999444,Q4
2024-04-24,up_sweep,2024-04-25 01:00:00,1.07045,2024-04-25 03:59:00,0.00232,False,,0.00232,-0.00032,Wednesday,1,3.0,0.0,True,False,1.07065,1.06779,7.899999999998464,30.0,10.0,1.07045,1.06966,True,-0.0699300699301378,0.0007899999999998464,Q2
2024-04-25,down_sweep,2024-04-26 01:00:00,1.07227,2024-04-26 03:59:00,0.0001200000000001,True,13.0,0.0001200000000001,0.0016,Thursday,1,4.0,0.0,True,False,1.07402,1.06783,7.500000000000284,30.0,90.0,1.07302,1.07227,True,-0.16155088852987126,0.0007500000000000284,Q2
2024-04-28,up_sweep,2024-04-29 01:00:00,1.07109,2024-04-29 03:59:00,0.0022799999999998,False,126.0,0.0022799999999998,0.00028,Sunday,1,,,,,,,,,,,,False,,,Q4
2024-04-29,down_sweep,2024-04-30 01:00:00,1.07101,2024-04-30 03:59:00,0.0020199999999999,False,,0.0020199999999999,-2.999999999997449e-05,Monday,1,1.0,0.0,True,False,1.07295,1.06902,8.999999999999009,65.0,50.0,1.07191,1.07101,False,-0.26463104325703685,0.0008999999999999009,Q3
2024-04-30,down_sweep,2024-05-01 01:00:00,1.0658,2024-05-01 03:59:00,0.00086,True,88.0,0.00086,0.0003699999999999,Tuesday,1,0.0,1.0,False,True,1.07215,1.06717,9.500000000000064,75.0,65.0,1.06675,1.0658,False,0.2751004016064007,0.0009500000000000064,Q3
2024-05-01,up_sweep,2024-05-02 01:00:00,1.07181,2024-05-02 03:59:00,0.0010000000000001,True,12.0,0.0010000000000001,0.0005899999999998,Wednesday,1,1.0,0.0,True,False,1.07326,1.06707,8.599999999998609,50.0,90.0,1.07181,1.07095,False,-0.23424878836835875,0.0008599999999998609,Q2
2024-05-02,up_sweep,2024-05-03 01:00:00,1.07316,2024-05-03 03:59:00,0.00065,False,76.0,0.00065,0.0007199999999998,Thursday,1,0.0,1.0,False,True,1.07302,1.06742,7.299999999998974,25.0,75.0,1.07316,1.07243,True,0.024999999999965307,0.0007299999999998974,Q2
2024-05-05,up_sweep,2024-05-06 03:21:00,1.07689,2024-05-06 03:59:00,6.000000000017103e-05,True,1.0,6.000000000017103e-05,0.0008699999999999,Sunday,3,,,,,,,,,,,,False,,,Q4
2024-05-06,down_sweep,2024-05-07 01:00:00,1.0766,2024-05-07 03:59:00,0.0011799999999999,False,1.0,0.0011799999999999,0.0003599999999999,Monday,1,0.0,1.0,False,True,1.07907,1.07666,10.099999999999554,90.0,0.0,1.07761,1.0766,True,0.024896265560144567,0.0010099999999999554,Q3
2024-05-07,down_sweep,2024-05-08 01:00:00,1.07469,2024-05-08 03:59:00,0.0009799999999999,False,80.0,0.0009799999999999,0.00021,Tuesday,1,0.0,2.0,False,True,1.07873,1.07478,7.200000000000539,25.0,40.0,1.07541,1.07469,True,0.022784810126619707,0.0007200000000000539,Q2
2024-05-08,down_sweep,2024-05-09 01:58:00,1.07423,2024-05-09 03:59:00,0.0012700000000001,False,0.0,0.0012700000000001,0.0002199999999998,Wednesday,1,1.0,0.0,True,False,1.07574,1.07397,7.099999999999884,20.0,0.0,1.07494,1.07423,True,-0.1468926553672047,0.0007099999999999884,Q2
2024-05-09,down_sweep,2024-05-10 01:00:00,1.07765,2024-05-10 03:59:00,0.0004999999999999,True,23.0,0.0004999999999999,0.00075,Thursday,1,0.0,1.0,False,True,1.07844,1.07337,8.699999999999264,65.0,65.0,1.07852,1.07765,False,0.015779092702141204,0.0008699999999999264,Q3
2024-05-12,up_sweep,2024-05-13 02:02:00,1.07752,2024-05-13 03:59:00,0.0004599999999999,False,0.0,0.0004599999999999,0.00065,Sunday,2,,,,,,,,,,,,False,,,Q4
2024-05-13,down_sweep,2024-05-14 01:00:00,1.07853,2024-05-14 03:59:00,0.00025,True,0.0,0.00025,0.0003999999999999,Monday,1,0.0,1.0,False,True,1.08068,1.07867,8.20000000000043,55.00000000000001,5.0,1.07935,1.07853,True,0.06965174129354443,0.0008200000000000429,Q2
2024-05-14,up_sweep,2024-05-15 01:00:00,1.08177,2024-05-15 03:59:00,0.00147,False,,0.00147,-0.00034,Tuesday,1,1.0,0.0,True,False,1.08256,1.07669,4.699999999999704,5.0,85.0,1.08177,1.0813,True,-0.13458262350938038,0.00046999999999997044,Q1
2024-05-15,down_sweep,2024-05-16 01:00:00,1.08866,2024-05-16 03:59:00,0.00136,False,,0.00136,-0.0001499999999998,Wednesday,1,0.0,1.0,False,True,1.08829,1.08288,8.300000000001084,55.00000000000001,70.0,1.08949,1.08866,False,0.22181146025880014,0.0008300000000001084,Q2
2024-05-16,down_sweep,2024-05-17 01:00:00,1.08598,2024-05-17 03:59:00,0.0004299999999999,False,37.0,0.0004299999999999,0.00085,Thursday,1,1.0,0.0,True,False,1.08757,1.08544,9.00000000000123,75.0,10.0,1.08688,1.08598,True,-0.25352112676056043,0.0009000000000001229,Q3
2024-05-19,up_sweep,2024-05-20 01:00:00,1.08771,2024-05-20 03:59:00,0.0007300000000001,True,128.0,0.0007300000000001,0.00078,Sunday,1,,,,,,,,,,,,False,,,Q4
2024-05-20,up_sweep,2024-05-21 02:16:00,1.08618,2024-05-21 03:59:00,0.00051,False,0.0,0.00051,0.0004199999999998,Monday,2,1.0,0.0,True,False,1.08706,1.0854,5.399999999999849,5.0,0.0,1.08618,1.08564,True,-0.14457831325302334,0.0005399999999999849,Q1
2024-05-21,down_sweep,2024-05-22 01:00:00,1.08538,2024-05-22 03:59:00,0.0003699999999999,True,3.0,0.0003699999999999,0.00095,Tuesday,1,2.0,0.0,True,False,1.08616,1.08425,5.9000000000009045,10.0,10.0,1.08597,1.08538,True,-0.099476439790526,0.0005900000000000905,Q1
2024-05-22,down_sweep,2024-05-23 01:54:00,1.08241,2024-05-23 03:59:00,0.0011700000000001,False,1.0,0.0011700000000001,0.0010499999999999,Wednesday,1,3.0,0.0,True,False,1.08469,1.08174,4.599999999999049,0.0,35.0,1.08287,1.08241,True,-0.22711864406785376,0.00045999999999990493,Q1
2024-05-23,up_sweep,2024-05-24 02:15:00,1.08149,2024-05-24 03:59:00,0.0010799999999999,False,0.0,0.0010799999999999,0.00048,Thursday,2,4.0,0.0,True,False,1.0861,1.08048,7.399999999999629,40.0,85.0,1.08149,1.08075,False,-0.04804270462633353,0.0007399999999999629,Q2
2024-05-26,down_sweep,2024-05-27 02:11:00,1.0846,2024-05-27 03:59:00,0.00018,True,0.0,0.00018,0.0006399999999999,Sunday,2,,,,,,,,,,,,False,,,Q4
2024-05-27,up_sweep,2024-05-28 01:00:00,1.08683,2024-05-28 03:59:00,0.0011700000000001,False,,0.0011700000000001,-0.0003299999999999,Monday,1,0.0,1.0,False,True,1.08619,1.08443,9.500000000000064,90.0,5.0,1.08683,1.08588,True,0.36363636363635216,0.0009500000000000064,Q3
2024-05-28,down_sweep,2024-05-29 01:00:00,1.08477,2024-05-29 03:59:00,0.00034,True,0.0,0.00034,0.0011099999999999,Tuesday,1,0.0,2.0,False,True,1.08807,1.08551,9.099999999999664,80.0,35.0,1.08568,1.08477,False,0.28906249999997224,0.0009099999999999664,Q3
2024-05-29,down_sweep,2024-05-30 01:00:00,1.07952,2024-05-30 03:59:00,0.00069,False,0.0,0.00069,0.0016,Wednesday,1,0.0,3.0,False,True,1.08556,1.07999,7.099999999999884,25.0,75.0,1.08023,1.07952,True,0.08438061041291996,0.0007099999999999884,Q2
2024-05-30,down_sweep,2024-05-31 01:00:00,1.08293,2024-05-31 03:59:00,0.0014799999999999,False,,0.0014799999999999,-0.00038,Thursday,1,1.0,0.0,True,False,1.08451,1.08153,4.20000000000087,0.0,45.0,1.08335,1.08293,True,-0.38926174496646193,0.00042000000000008697,Q1
2024-06-02,down_sweep,2024-06-03 01:42:00,1.08502,2024-06-03 03:59:00,0.0010499999999999,False,9.0,0.0010499999999999,0.0008499999999997,Sunday,1,,,,,,,,,,,,False,,,Q4
2024-06-03,down_sweep,2024-06-04 01:36:00,1.09062,2024-06-04 03:59:00,0.0021499999999998,False,,0.0021499999999998,6.000000000017103e-05,Monday,1,0.0,1.0,False,True,1.08999,1.08422,9.799999999999809,95.0,90.0,1.0916,1.09062,False,0.27902946273827983,0.0009799999999999809,Q3
2024-06-04,down_sweep,2024-06-05 01:34:00,1.08783,2024-06-05 03:59:00,0.00075,False,21.0,0.00075,0.0001799999999998,Tuesday,1,1.0,0.0,True,False,1.08877,1.08621,7.699999999999374,50.0,40.0,1.0886,1.08783,False,-0.0664062499999983,0.0007699999999999374,Q2
2024-06-05,up_sweep,2024-06-06 01:00:00,1.08823,2024-06-06 03:59:00,0.0005899999999998,True,36.0,0.0005899999999998,0.00065,Wednesday,1,2.0,0.0,True,False,1.08915,1.08544,9.700000000001374,90.0,55.00000000000001,1.08823,1.08726,False,-0.2479784366576837,0.0009700000000001374,Q3
2024-06-06,up_sweep,2024-06-07 01:00:00,1.08927,2024-06-07 03:59:00,0.0005600000000001,True,17.0,0.0005600000000001,0.0004699999999999,Thursday,1,3.0,0.0,True,False,1.0902,1.08718,5.999999999999339,25.0,55.00000000000001,1.08927,1.08867,True,-0.3079470198675796,0.0005999999999999339,Q1
2024-06-09,down_sweep,2024-06-10 01:00:00,1.07739,2024-06-10 03:59:00,0.00261,False,,0.00261,-0.00076,Sunday,1,,,,,,,,,,,,False,,,Q4
2024-06-10,up_sweep,2024-06-11 01:00:00,1.07653,2024-06-11 03:59:00,0.0008099999999999,True,58.0,0.0008099999999999,0.0004299999999999,Monday,1,1.0,0.0,True,False,1.07656,1.07332,4.100000000000215,0.0,60.0,1.07653,1.07612,True,-0.009259259259251645,0.00041000000000002146,Q1
2024-06-11,up_sweep,2024-06-12 01:42:00,1.07414,2024-06-12 03:59:00,0.0005599999999998,False,0.0,0.0005599999999998,0.00059,Tuesday,1,2.0,0.0,True,False,1.07493,1.07194,6.6000000000010495,35.0,50.0,1.07414,1.07348,False,-0.26421404682268684,0.000660000000000105,Q1
2024-06-12,down_sweep,2024-06-13 01:00:00,1.08105,2024-06-13 03:59:00,0.0010100000000001,True,135.0,0.0010100000000001,0.00058,Wednesday,1,3.0,0.0,True,False,1.08521,1.07658,5.100000000000104,20.0,100.0,1.08156,1.08105,True,-0.4229432213209695,0.0005100000000000104,Q1
2024-06-13,down_sweep,2024-06-14 01:04:00,1.07362,2024-06-14 03:59:00,0.00302,False,0.0,0.00302,9.9999999999989e-05,Thursday,1,4.0,0.0,True,False,1.08162,1.07328,4.599999999999049,15.0,95.0,1.07408,1.07362,True,-0.040767386091127865,0.00045999999999990493,Q1
2024-06-16,down_sweep,2024-06-17 01:52:00,1.07004,2024-06-17 03:59:00,0.0014100000000001,True,2.0,0.0014100000000001,0.0008399999999999,Sunday,1,,,,,,,,,,,,False,,,Q4
2024-06-17,down_sweep,2024-06-18 01:00:00,1.07347,2024-06-18 03:59:00,0.0016499999999999,False,140.0,0.0016499999999999,4.000000000004e-05,Monday,1,0.0,1.0,False,True,1.07378,1.0707,6.300000000001305,45.0,55.00000000000001,1.0741,1.07347,False,0.10389610389613667,0.0006300000000001305,Q1
2024-06-18,down_sweep,2024-06-19 01:00:00,1.07366,2024-06-19 03:59:00,0.0011799999999999,True,14.0,0.0011799999999999,0.00048,Tuesday,1,1.0,0.0,True,False,1.07615,1.07139,4.499999999998394,10.0,65.0,1.07411,1.07366,True,-0.4285714285714486,0.0004499999999998394,Q1
2024-06-19,down_sweep,2024-06-20 01:00:00,1.0745,2024-06-20 03:59:00,0.00207,False,,0.00207,-0.0001599999999999,Wednesday,1,2.0,0.0,True,False,1.07507,1.07408,3.699999999999815,0.0,0.0,1.07487,1.0745,True,-0.2020202020201703,0.00036999999999998145,Q1
2024-06-20,up_sweep,2024-06-21 01:00:00,1.07075,2024-06-21 03:59:00,0.0012999999999998,False,124.0,0.0012999999999998,0.0036500000000001,Thursday,1,0.0,1.0,False,True,1.07307,1.07033,5.60000000000116,40.0,35.0,1.07075,1.07019,False,0.051094890510960146,0.000560000000000116,Q1
2024-06-23,up_sweep,2024-06-24 01:00:00,1.06955,2024-06-24 03:59:00,0.00194,False,1.0,0.00194,0.00011,Sunday,1,,,,,,,,,,,,False,,,Q4
2024-06-24,up_sweep,2024-06-25 01:00:00,1.07356,2024-06-25 03:59:00,0.00085,False,74.0,0.00085,0.0014800000000001,Monday,1,1.0,0.0,True,False,1.07463,1.0722,4.80000000000036,30.0,20.0,1.07356,1.07308,True,-0.36213991769548004,0.00048000000000003595,Q1
2024-06-25,down_sweep,2024-06-26 01:28:00,1.07061,2024-06-26 03:59:00,0.0020900000000001,False,2.0,0.0020900000000001,2.999999999997449e-05,Tuesday,1,2.0,0.0,True,False,1.07175,1.06906,6.399999999999739,60.0,30.0,1.07125,1.07061,True,-0.18587360594792932,0.0006399999999999739,Q1
2024-06-26,up_sweep,2024-06-27 01:00:00,1.06816,2024-06-27 03:59:00,0.00173,False,,0.00173,-0.0006600000000001,Wednesday,1,3.0,0.0,True,False,1.06958,1.0666,4.599999999999049,30.0,45.0,1.06816,1.0677,True,-0.3691275167785595,0.00045999999999990493,Q1
2024-06-27,down_sweep,2024-06-28 01:00:00,1.06975,2024-06-28 03:59:00,0.0011399999999999,False,93.0,0.0011399999999999,0.00065,Thursday,1,4.0,0.0,True,False,1.07264,1.06969,13.300000000000534,100.0,35.0,1.07108,1.06975,False,-0.02033898305083011,0.0013300000000000534,Q4
2024-06-30,up_sweep,2024-07-01 01:00:00,1.07497,2024-07-01 03:59:00,0.0026600000000001,False,,0.0026600000000001,-0.0001599999999999,Sunday,1,,,,,,,,,,,,False,,,Q4
2024-07-01,down_sweep,2024-07-02 01:00:00,1.07331,2024-07-02 03:59:00,0.00211,False,60.0,0.00211,0.0002599999999999,Monday,1,1.0,0.0,True,False,1.07697,1.07197,5.399999999999849,40.0,80.0,1.07385,1.07331,False,-0.2679999999999851,0.0005399999999999849,Q1
2024-07-02,down_sweep,2024-07-03 01:00:00,1.07467,2024-07-03 03:59:00,0.0010399999999999,False,117.0,0.0010399999999999,0.0015,Tuesday,1,0.0,1.0,False,True,1.07469,1.0724,7.500000000000284,75.0,5.0,1.07542,1.07467,True,0.31877729257648485,0.0007500000000000284,Q2
2024-07-03,down_sweep,2024-07-04 01:00:00,1.07881,2024-07-04 03:59:00,0.0003299999999999,False,49.0,0.0003299999999999,0.0008399999999999,Wednesday,1,1.0,0.0,True,False,1.08168,1.07652,5.599999999998939,45.0,80.0,1.07937,1.07881,False,-0.44379844961242276,0.0005599999999998939,Q1
2024-07-04,up_sweep,2024-07-05 01:00:00,1.08179,2024-07-05 03:59:00,0.00123,False,123.0,0.00123,0.00015,Thursday,1,0.0,1.0,False,True,1.08138,1.07948,8.60000000000083,85.0,5.0,1.08179,1.08093,True,0.21578947368422036,0.0008600000000000829,Q3
2024-07-07,up_sweep,2024-07-08 01:01:00,1.08293,2024-07-08 03:59:00,0.00089,False,2.0,0.00089,0.0014699999999998,Sunday,1,,,,,,,,,,,,False,,,Q4
2024-07-08,down_sweep,2024-07-09 02:15:00,1.08255,2024-07-09 03:59:00,0.0008499999999997,False,0.0,0.0008499999999997,0.0004300000000001,Monday,2,1.0,0.0,True,False,1.0845,1.08223,7.800000000000029,80.0,10.0,1.08333,1.08255,True,-0.1409691629955404,0.0007800000000000029,Q2
2024-07-09,up_sweep,2024-07-10 01:00:00,1.08166,2024-07-10 03:59:00,0.0008299999999998,True,45.0,0.0008299999999998,0.0001900000000001,Tuesday,1,2.0,0.0,True,False,1.08282,1.08054,5.5000000000005045,40.0,15.0,1.08166,1.08111,True,-0.25,0.0005500000000000504,Q1
2024-07-10,up_sweep,2024-07-11 01:01:00,1.08367,2024-07-11 03:59:00,0.00032,False,1.0,0.00032,0.0004499999999998,Wednesday,1,0.0,1.0,False,True,1.08295,1.08173,5.699999999999594,55.00000000000001,5.0,1.08367,1.0831,True,0.5901639344260923,0.0005699999999999594,Q1
2024-07-11,down_sweep,2024-07-12 02:35:00,1.08649,2024-07-12 03:59:00,0.0003199999999998,False,5.0,0.0003199999999998,0.00112,Thursday,2,1.0,0.0,True,False,1.08999,1.08456,9.500000000000064,95.0,90.0,1.08744,1.08649,False,-0.35543278084714014,0.0009500000000000064,Q3
2024-07-14,up_sweep,2024-07-15 01:00:00,1.08888,2024-07-15 03:59:00,0.00075,False,84.0,0.00075,0.00051,Sunday,1,,,,,,,,,,,,False,,,Q4
2024-07-15,down_sweep,2024-07-16 01:14:00,1.08909,2024-07-16 03:59:00,0.0007299999999998,False,1.0,0.0007299999999998,0.0009400000000001,Monday,1,0.0,1.0,False,True,1.09222,1.08932,7.600000000000939,80.0,45.0,1.08985,1.08909,False,0.07931034482764905,0.0007600000000000939,Q2
2024-07-16,up_sweep,2024-07-17 01:00:00,1.09029,2024-07-17 03:59:00,0.0010499999999999,False,5.0,0.0010499999999999,0.00079,Tuesday,1,1.0,0.0,True,False,1.09029,1.08715,7.099999999999884,70.0,70.0,1.09029,1.08958,False,0.0,0.0007099999999999884,Q2
2024-07-17,down_sweep,2024-07-18 01:00:00,1.09366,2024-07-18 03:59:00,0.0010499999999999,False,41.0,0.0010499999999999,0.0001599999999999,Wednesday,1,2.0,0.0,True,False,1.0948,1.09237,4.39999999999996,5.0,35.0,1.0941,1.09366,True,-0.2880658436213755,0.00043999999999999595,Q1
2024-07-18,down_sweep,2024-07-19 01:00:00,1.08908,2024-07-19 03:59:00,0.0009000000000001,False,,0.0009000000000001,-2.999999999997449e-05,Thursday,1,0.0,1.0,False,True,1.09369,1.08935,10.900000000000354,95.0,75.0,1.09017,1.08908,False,0.06221198156681839,0.0010900000000000354,Q3
2024-07-21,down_sweep,2024-07-22 01:00:00,1.08924,2024-07-22 03:59:00,0.00136,False,,0.00136,-0.0002199999999998,Sunday,1,,,,,,,,,,,,False,,,Q4
2024-07-22,down_sweep,2024-07-23 02:05:00,1.0887,2024-07-23 03:59:00,0.0013099999999999,False,0.0,0.0013099999999999,0.0001599999999999,Monday,2,0.0,1.0,False,True,1.08917,1.0873,5.399999999999849,30.0,10.0,1.08924,1.0887,True,0.03743315508022089,0.0005399999999999849,Q1
2024-07-23,up_sweep,2024-07-24 01:45:00,1.0852,2024-07-24 03:59:00,0.00017,False,1.0,0.00017,0.0026399999999999,Tuesday,1,1.0,0.0,True,False,1.08614,1.08438,6.399999999999739,60.0,10.0,1.0852,1.08456,True,-0.10227272727275451,0.0006399999999999739,Q1
2024-07-24,up_sweep,2024-07-25 01:37:00,1.08412,2024-07-25 03:59:00,0.00119,False,13.0,0.00119,0.0013,Wednesday,1,0.0,1.0,False,True,1.08664,1.08359,6.299999999999084,50.0,75.0,1.08412,1.08349,False,0.03278688524589806,0.0006299999999999084,Q1
2024-07-25,up_sweep,2024-07-26 01:00:00,1.08554,2024-07-26 03:59:00,0.0005300000000001,True,60.0,0.0005300000000001,0.0010499999999999,Thursday,1,1.0,0.0,True,False,1.08699,1.08302,8.599999999998609,80.0,80.0,1.08554,1.08468,False,-0.36523929471033295,0.0008599999999998609,Q2
2024-07-28,down_sweep,2024-07-29 03:15:00,1.08508,2024-07-29 03:59:00,0.00076,False,0.0,0.00076,0.0005299999999999,Sunday,3,,,,,,,,,,,,False,,,Q4
2024-07-29,up_sweep,2024-07-30 01:00:00,1.08222,2024-07-30 03:59:00,0.0004600000000001,True,22.0,0.0004600000000001,0.0005899999999998,Monday,1,1.0,0.0,True,False,1.08259,1.08028,6.899999999998574,55.00000000000001,35.0,1.08222,1.08153,False,-0.16017316017314978,0.0006899999999998574,Q2
2024-07-30,up_sweep,2024-07-31 01:00:00,1.082,2024-07-31 03:59:00,0.00068,True,61.0,0.00068,0.00085,Tuesday,1,0.0,1.0,False,True,1.08176,1.07982,7.300000000001194,60.0,20.0,1.082,1.08127,True,0.12371134020619147,0.0007300000000001194,Q2
2024-07-31,down_sweep,2024-08-01 02:15:00,1.08217,2024-08-01 03:59:00,0.0022600000000001,False,0.0,0.0022600000000001,0.00024,Wednesday,2,1.0,0.0,True,False,1.08493,1.08019,8.299999999998864,75.0,85.0,1.083,1.08217,False,-0.4071729957805909,0.0008299999999998864,Q2
2024-08-01,up_sweep,2024-08-02 01:00:00,1.07925,2024-08-02 03:59:00,0.0016199999999999,False,120.0,0.0016199999999999,0.0006399999999999,Thursday,1,2.0,0.0,True,False,1.08182,1.07802,10.700000000001264,90.0,70.0,1.07925,1.07818,False,-0.04210526315787813,0.0010700000000001264,Q3
2024-08-04,up_sweep,2024-08-05 01:00:00,1.09224,2024-08-05 03:59:00,0.0044599999999999,False,52.0,0.0044599999999999,0.0030100000000001,Sunday,1,,,,,,,,,,,,False,,,Q4
2024-08-05,down_sweep,2024-08-06 02:12:00,1.09437,2024-08-06 03:59:00,0.0021900000000001,False,0.0,0.0021900000000001,0.0004699999999999,Monday,2,0.0,1.0,False,True,1.10088,1.09472,19.299999999999876,100.0,100.0,1.0963,1.09437,False,0.05681818181815601,0.0019299999999999873,Q4
2024-08-06,down_sweep,2024-08-07 01:00:00,1.09231,2024-08-07 03:59:00,0.0017799999999998,False,154.0,0.0017799999999998,0.0004700000000001,Tuesday,1,1.0,0.0,True,False,1.09348,1.09046,7.4000000000018495,50.0,55.00000000000001,1.09305,1.09231,False,-0.1423841059602408,0.000740000000000185,Q2
2024-08-07,up_sweep,2024-08-08 01:55:00,1.09338,2024-08-08 03:59:00,0.00113,False,35.0,0.00113,2.999999999997449e-05,Wednesday,1,2.0,0.0,True,False,1.09366,1.09124,7.999999999999119,65.0,40.0,1.09338,1.09258,False,-0.11570247933886268,0.0007999999999999119,Q2
2024-08-08,up_sweep,2024-08-09 01:00:00,1.09193,2024-08-09 03:59:00,0.0009699999999999,False,2.0,0.0009699999999999,0.00018,Thursday,1,3.0,0.0,True,False,1.09292,1.08814,7.900000000000684,60.0,90.0,1.09193,1.09114,False,-0.20711297071126966,0.0007900000000000684,Q2
2024-08-11,up_sweep,2024-08-12 01:01:00,1.09197,2024-08-12 03:59:00,0.0008699999999999,False,1.0,0.0008699999999999,0.0004000000000001,Sunday,1,,,,,,,,,,,,False,,,Q4
2024-08-12,up_sweep,2024-08-13 01:00:00,1.09363,2024-08-13 03:59:00,0.0004799999999998,True,71.0,0.0004799999999998,0.0010100000000001,Monday,1,1.0,0.0,True,False,1.09393,1.09152,7.100000000002105,40.0,35.0,1.09363,1.09292,False,-0.12448132780081497,0.0007100000000002105,Q2
2024-08-13,down_sweep,2024-08-14 01:33:00,1.09916,2024-08-14 03:59:00,0.0005299999999999,False,1.0,0.0005299999999999,0.00163,Tuesday,1,2.0,0.0,True,False,1.09996,1.09277,6.800000000000139,30.0,100.0,1.09984,1.09916,True,-0.016689847009752366,0.0006800000000000139,Q1
2024-08-14,down_sweep,2024-08-15 01:12:00,1.10092,2024-08-15 03:59:00,0.00017,True,1.0,0.00017,0.00062,Wednesday,1,3.0,0.0,True,False,1.10473,1.10039,5.00000000000167,5.0,75.0,1.10142,1.10092,True,-0.1221198156681839,0.000500000000000167,Q1
2024-08-15,up_sweep,2024-08-16 01:00:00,1.09769,2024-08-16 03:59:00,0.0009699999999999,False,153.0,0.0009699999999999,2.0000000000131024e-05,Thursday,1,4.0,0.0,True,False,1.10114,1.09495,5.800000000000249,15.0,95.0,1.09769,1.09711,True,-0.34894991922455065,0.0005800000000000249,Q1
2024-08-18,up_sweep,2024-08-19 01:00:00,1.1036,2024-08-19 03:59:00,0.0014100000000001,False,,0.0014100000000001,-0.0003600000000001,Sunday,1,,,,,,,,,,,,False,,,Q4
2024-08-19,down_sweep,2024-08-20 01:00:00,1.10799,2024-08-20 03:59:00,0.0008000000000001,True,100.0,0.0008000000000001,0.0007099999999999,Monday,1,0.0,1.0,False,True,1.10863,1.10301,7.200000000000539,50.0,85.0,1.10871,1.10799,False,0.0142348754448542,0.0007200000000000539,Q2
2024-08-20,down_sweep,2024-08-21 01:00:00,1.11253,2024-08-21 03:59:00,0.0015,False,140.0,0.0015,0.00034,Tuesday,1,0.0,2.0,False,True,1.11273,1.10822,7.200000000000539,55.00000000000001,70.0,1.11325,1.11253,False,0.11529933481154642,0.0007200000000000539,Q2
2024-08-21,down_sweep,2024-08-22 01:00:00,1.11453,2024-08-22 03:59:00,0.00181,False,82.0,0.00181,0.0019299999999999,Wednesday,1,1.0,0.0,True,False,1.1174,1.10992,12.699999999998823,95.0,100.0,1.1158,1.11453,False,-0.21390374331551612,0.0012699999999998823,Q4
2024-08-22,up_sweep,2024-08-23 01:00:00,1.11224,2024-08-23 03:59:00,0.0009400000000001,True,63.0,0.0009400000000001,0.0009999999999998,Thursday,1,2.0,0.0,True,False,1.11431,1.1098,9.500000000000064,80.0,65.0,1.11224,1.11129,False,-0.33037694013303476,0.0009500000000000064,Q3
2024-08-25,down_sweep,2024-08-26 01:00:00,1.11863,2024-08-26 03:59:00,0.00106,False,95.0,0.00106,0.0002899999999999,Sunday,1,,,,,,,,,,,,False,,,Q4
2024-08-26,up_sweep,2024-08-27 01:00:00,1.11668,2024-08-27 03:59:00,0.0005600000000001,True,42.0,0.0005600000000001,0.0005599999999998,Monday,1,1.0,0.0,True,False,1.11788,1.115,7.299999999998974,50.0,30.0,1.11668,1.11595,True,-0.32986111111111405,0.0007299999999998974,Q2
2024-08-27,down_sweep,2024-08-28 01:00:00,1.11745,2024-08-28 03:59:00,0.00394,False,,0.00394,-0.0013800000000001,Tuesday,1,2.0,0.0,True,False,1.11905,1.11501,9.9999999999989,85.0,50.0,1.11845,1.11745,False,-0.1485148514851855,0.0009999999999998899,Q3
2024-08-28,up_sweep,2024-08-29 01:00:00,1.11324,2024-08-29 03:59:00,0.00075,True,89.0,0.00075,0.0016199999999999,Wednesday,1,3.0,0.0,True,False,1.11377,1.1105,9.699999999999154,80.0,35.0,1.11324,1.11227,False,-0.16207951070334503,0.0009699999999999154,Q3
2024-08-29,down_sweep,2024-08-30 01:00:00,1.10787,2024-08-30 03:59:00,0.0005299999999999,False,105.0,0.0005299999999999,0.0010100000000001,Thursday,1,4.0,0.0,True,False,1.10976,1.10556,4.300000000001525,0.0,50.0,1.1083,1.10787,True,-0.34761904761905316,0.0004300000000001525,Q1
2024-09-01,up_sweep,2024-09-02 01:53:00,1.10556,2024-09-02 03:59:00,0.0014599999999997,False,0.0,0.0014599999999997,0.00017,Sunday,1,,,,,,,,,,,,False,,,Q4
2024-09-02,down_sweep,2024-09-03 01:00:00,1.10589,2024-09-03 03:59:00,0.00079,False,57.0,0.00079,0.0008699999999999,Monday,1,0.0,1.0,False,True,1.10727,1.106,9.799999999999809,80.0,0.0,1.10687,1.10589,True,0.08661417322839739,0.0009799999999999809,Q3
2024-09-03,up_sweep,2024-09-04 01:00:00,1.10512,2024-09-04 03:59:00,0.0011599999999998,False,80.0,0.0011599999999998,0.0004399999999999,Tuesday,1,1.0,0.0,True,False,1.1069,1.10263,6.200000000000649,15.0,50.0,1.10512,1.1045,True,-0.41686182669786753,0.0006200000000000649,Q1
2024-09-04,up_sweep,2024-09-05 02:40:00,1.10853,2024-09-05 03:59:00,0.0004999999999999,False,1.0,0.0004999999999999,0.00055,Wednesday,2,2.0,0.0,True,False,1.10951,1.10407,9.699999999999154,75.0,75.0,1.10853,1.10756,False,-0.18014705882352955,0.0009699999999999154,Q3
2024-09-05,up_sweep,2024-09-06 01:00:00,1.11145,2024-09-06 03:59:00,0.0006299999999999,False,35.0,0.0006299999999999,0.0003699999999999,Thursday,1,3.0,0.0,True,False,1.11147,1.10762,6.00000000000156,15.0,35.0,1.11145,1.11085,True,-0.005194805194781675,0.000600000000000156,Q1
2024-09-08,down_sweep,2024-09-09 01:00:00,1.10823,2024-09-09 03:59:00,0.0027399999999999,False,,0.0027399999999999,-0.0006600000000001,Sunday,1,,,,,,,,,,,,False,,,Q4
2024-09-09,up_sweep,2024-09-10 01:00:00,1.10381,2024-09-10 03:59:00,0.0011499999999999,True,62.0,0.0011499999999999,0.0004399999999999,Monday,1,0.0,1.0,False,True,1.10536,1.1034,9.799999999999809,85.0,5.0,1.10381,1.10283,True,0.2908163265305972,0.0009799999999999809,Q3
2024-09-10,up_sweep,2024-09-11 01:00:00,1.10237,2024-09-11 03:59:00,0.0028299999999998,False,,0.0028299999999998,-0.0016599999999999,Tuesday,1,1.0,0.0,True,False,1.10349,1.10151,7.099999999999884,30.0,10.0,1.10237,1.10166,True,-0.07575757575761993,0.0007099999999999884,Q2
2024-09-11,up_sweep,2024-09-12 01:00:00,1.10128,2024-09-12 03:59:00,0.0010999999999998,True,115.0,0.0010999999999998,0.00069,Wednesday,1,2.0,0.0,True,False,1.10422,1.10019,6.900000000000794,30.0,40.0,1.10128,1.10059,True,-0.09925558312654048,0.0006900000000000794,Q2
2024-09-12,up_sweep,2024-09-13 03:49:00,1.10873,2024-09-13 03:59:00,0.0006699999999999,False,,0.0006699999999999,0.00015,Thursday,3,0.0,1.0,False,True,1.10716,1.10112,15.799999999999148,100.0,85.0,1.10873,1.10715,False,0.2599337748344565,0.0015799999999999148,Q4
2024-09-15,up_sweep,2024-09-16 01:00:00,1.10923,2024-09-16 03:59:00,0.0027399999999999,False,,0.0027399999999999,-0.0003300000000001,Sunday,1,,,,,,,,,,,,False,,,Q4
2024-09-16,up_sweep,2024-09-17 02:30:00,1.11311,2024-09-17 03:59:00,0.0006699999999999,False,3.0,0.0006699999999999,0.0015499999999999,Monday,2,1.0,0.0,True,False,1.11374,1.1116,9.20000000000032,60.0,15.0,1.11311,1.11219,True,-0.27570093457947753,0.0009200000000000319,Q3
2024-09-17,down_sweep,2024-09-18 01:49:00,1.11179,2024-09-18 03:59:00,0.0002699999999999,False,0.0,0.0002699999999999,0.0013199999999999,Tuesday,1,2.0,0.0,True,False,1.11436,1.11109,10.599999999998388,90.0,30.0,1.11285,1.11179,True,-0.21406727828749916,0.0010599999999998388,Q3
2024-09-18,up_sweep,2024-09-19 01:00:00,1.11219,2024-09-19 03:59:00,0.0031099999999999,False,2.0,0.0031099999999999,0.00017,Wednesday,1,0.0,1.0,False,True,1.11891,1.10966,43.10000000000036,100.0,100.0,1.11219,1.10788,False,0.19243243243244526,0.004310000000000036,Q4
2024-09-19,up_sweep,2024-09-20 01:00:00,1.11615,2024-09-20 03:59:00,0.0020299999999999,False,21.0,0.0020299999999999,0.00021,Thursday,1,1.0,0.0,True,False,1.11678,1.11164,4.39999999999996,5.0,70.0,1.11615,1.11571,True,-0.12256809338523594,0.00043999999999999595,Q1
2024-09-22,up_sweep,2024-09-23 01:04:00,1.1164,2024-09-23 03:59:00,0.0003199999999998,False,0.0,0.0003199999999998,0.00662,Sunday,1,,,,,,,,,,,,False,,,Q4
2024-09-23,up_sweep,2024-09-24 01:00:00,1.11137,2024-09-24 03:59:00,0.0018500000000001,False,60.0,0.0018500000000001,0.00095,Monday,1,0.0,1.0,False,True,1.11433,1.11118,9.399999999999409,50.0,25.0,1.11137,1.11043,True,0.23809523809524816,0.0009399999999999409,Q3
2024-09-24,up_sweep,2024-09-25 01:00:00,1.11939,2024-09-25 03:59:00,0.0002499999999998,True,24.0,0.0002499999999998,0.0008100000000001,Tuesday,1,0.0,2.0,False,True,1.11767,1.11324,10.600000000000607,85.0,65.0,1.11939,1.11833,False,0.3882618510158446,0.001060000000000061,Q3
2024-09-25,up_sweep,2024-09-26 01:00:00,1.11368,2024-09-26 03:59:00,0.00211,True,176.0,0.00211,0.00032,Wednesday,1,1.0,0.0,True,False,1.1214,1.11215,7.800000000000029,35.0,100.0,1.11368,1.1129,False,-0.08108108108108432,0.0007800000000000029,Q2
2024-09-26,down_sweep,2024-09-27 01:00:00,1.1168,2024-09-27 03:59:00,0.0043200000000001,False,82.0,0.0043200000000001,0.0007999999999999,Thursday,1,2.0,0.0,True,False,1.11893,1.11257,9.60000000000072,55.00000000000001,90.0,1.11776,1.1168,False,-0.1839622641509289,0.0009600000000000719,Q3
2024-09-29,down_sweep,2024-09-30 01:00:00,1.11675,2024-09-30 03:59:00,0.0011499999999999,True,23.0,0.0011499999999999,0.00079,Sunday,1,,,,,,,,,,,,False,,,Q4
2024-09-30,up_sweep,2024-10-01 01:31:00,1.11426,2024-10-01 03:59:00,0.0001299999999999,False,1.0,0.0001299999999999,0.0031000000000001,Monday,1,1.0,0.0,True,False,1.11924,1.11136,15.499999999999403,90.0,90.0,1.11426,1.11271,False,-0.17131979695433575,0.0015499999999999403,Q4
2024-10-01,down_sweep,2024-10-02 01:00:00,1.10633,2024-10-02 03:59:00,0.00092,True,5.0,0.00092,0.0009399999999999,Tuesday,1,2.0,0.0,True,False,1.10868,1.10458,8.599999999998609,35.0,50.0,1.10719,1.10633,False,-0.3634146341463745,0.0008599999999998609,Q2
2024-10-02,down_sweep,2024-10-03 01:00:00,1.10372,2024-10-03 03:59:00,0.0012400000000001,False,98.0,0.0012400000000001,0.0004899999999998,Wednesday,1,3.0,0.0,True,False,1.10656,1.10325,10.499999999999954,75.0,35.0,1.10477,1.10372,False,-0.1419939577039218,0.0010499999999999954,Q3
2024-10-03,down_sweep,2024-10-04 01:00:00,1.10331,2024-10-04 03:59:00,0.0007699999999999,False,44.0,0.0007699999999999,0.00024,Thursday,1,4.0,0.0,True,False,1.10468,1.10082,6.399999999999739,20.0,40.0,1.10395,1.10331,True,-0.18911917098447728,0.0006399999999999739,Q1
2024-10-06,down_sweep,2024-10-07 01:01:00,1.09679,2024-10-07 03:59:00,0.0009799999999999,True,2.0,0.0009799999999999,0.0004600000000001,Sunday,1,,,,,,,,,,,,False,,,Q4
2024-10-07,up_sweep,2024-10-08 01:00:00,1.09839,2024-10-08 03:59:00,0.0011700000000001,False,4.0,0.0011700000000001,0.0005399999999999,Monday,1,1.0,0.0,True,False,1.09868,1.09657,10.200000000000207,70.0,15.0,1.09839,1.09737,True,-0.1374407582938937,0.0010200000000000209,Q3
2024-10-08,down_sweep,2024-10-09 01:00:00,1.09736,2024-10-09 03:59:00,0.0022599999999999,False,5.0,0.0022599999999999,0.00024,Tuesday,1,2.0,0.0,True,False,1.09839,1.09608,7.300000000001194,30.0,20.0,1.09809,1.09736,True,-0.12987012987011365,0.0007300000000001194,Q2
2024-10-09,down_sweep,2024-10-10 01:20:00,1.09388,2024-10-10 03:59:00,0.00058,False,3.0,0.00058,0.00042,Wednesday,1,3.0,0.0,True,False,1.09598,1.09362,4.100000000000215,0.0,25.0,1.09429,1.09388,True,-0.11016949152539662,0.00041000000000002146,Q1
2024-10-10,up_sweep,2024-10-11 01:43:00,1.09378,2024-10-11 03:59:00,0.00075,False,0.0,0.00075,0.0005699999999999,Thursday,1,4.0,0.0,True,False,1.09548,1.09,5.699999999999594,10.0,75.0,1.09378,1.09321,True,-0.3102189781022001,0.0005699999999999594,Q1
2024-10-13,up_sweep,2024-10-14 02:01:00,1.09283,2024-10-14 03:59:00,0.00028,True,0.0,0.00028,0.00045,Sunday,2,,,,,,,,,,,,False,,,Q4
2024-10-14,down_sweep,2024-10-15 01:00:00,1.0904,2024-10-15 03:59:00,0.00191,False,,0.00191,-0.0005300000000001,Monday,1,1.0,0.0,True,False,1.09272,1.08881,6.299999999999084,15.0,50.0,1.09103,1.0904,True,-0.40664961636829616,0.0006299999999999084,Q1
2024-10-15,up_sweep,2024-10-16 01:47:00,1.089,2024-10-16 03:59:00,2.0000000000131024e-05,True,0.0,2.0000000000131024e-05,0.0014799999999999,Tuesday,1,2.0,0.0,True,False,1.09167,1.08819,7.900000000000684,45.0,40.0,1.089,1.08821,False,-0.0057471264367555735,0.0007900000000000684,Q2
2024-10-16,down_sweep,2024-10-17 01:00:00,1.08562,2024-10-17 03:59:00,0.00072,False,100.0,0.00072,0.00021,Wednesday,1,3.0,0.0,True,False,1.08996,1.08532,7.999999999999119,45.0,65.0,1.08642,1.08562,False,-0.0646551724137863,0.0007999999999999119,Q2
2024-10-17,up_sweep,2024-10-18 01:00:00,1.08323,2024-10-18 03:59:00,0.00163,False,,0.00163,-0.0004600000000001,Thursday,1,4.0,0.0,True,False,1.08649,1.0811,7.099999999999884,25.0,70.0,1.08323,1.08252,True,-0.26345083487940174,0.0007099999999999884,Q2
2024-10-20,down_sweep,2024-10-21 01:00:00,1.08639,2024-10-21 03:59:00,0.00177,False,,0.00177,-4.000000000004e-05,Sunday,1,,,,,,,,,,,,False,,,Q4
2024-10-21,up_sweep,2024-10-22 01:00:00,1.08183,2024-10-22 03:59:00,0.00197,False,,0.00197,2.999999999997449e-05,Monday,1,1.0,0.0,True,False,1.0859,1.08111,4.300000000001525,5.0,65.0,1.08183,1.0814,True,-0.06054279749475931,0.0004300000000001525,Q1
2024-10-22,up_sweep,2024-10-23 01:00:00,1.08008,2024-10-23 03:59:00,0.00058,False,81.0,0.00058,0.0020199999999999,Tuesday,1,0.0,1.0,False,True,1.08184,1.07939,8.599999999998609,60.0,15.0,1.08008,1.07922,True,0.06938775510204674,0.0008599999999998609,Q2
2024-10-23,up_sweep,2024-10-24 01:00:00,1.07898,2024-10-24 03:59:00,0.00089,False,45.0,0.00089,0.0019200000000001,Wednesday,1,0.0,2.0,False,True,1.07865,1.07634,10.40000000000152,80.0,10.0,1.07898,1.07794,True,0.1428571428571154,0.001040000000000152,Q3
2024-10-24,up_sweep,2024-10-25 01:29:00,1.0825,2024-10-25 03:59:00,0.0002299999999999,True,2.0,0.0002299999999999,0.0011399999999999,Thursday,1,1.0,0.0,True,False,1.08289,1.07881,4.900000000001015,15.0,50.0,1.0825,1.08201,True,-0.09558823529409403,0.0004900000000001015,Q1
2024-10-27,down_sweep,2024-10-28 01:00:00,1.07902,2024-10-28 03:59:00,0.0004000000000001,False,6.0,0.0004000000000001,0.0031099999999999,Sunday,1,,,,,,,,,,,,False,,,Q4
2024-10-28,down_sweep,2024-10-29 01:00:00,1.08116,2024-10-29 03:59:00,0.0006199999999998,True,45.0,0.0006199999999998,0.0008799999999999,Monday,1,1.0,0.0,True,False,1.08276,1.08099,7.600000000000939,40.0,0.0,1.08192,1.08116,True,-0.09604519774011229,0.0007600000000000939,Q2
2024-10-29,down_sweep,2024-10-30 01:00:00,1.08195,2024-10-30 03:59:00,0.0003999999999999,False,13.0,0.0003999999999999,0.00252,Tuesday,1,0.0,1.0,False,True,1.08183,1.0777,6.399999999999739,30.0,60.0,1.08259,1.08195,True,0.18401937046001887,0.0006399999999999739,Q1
2024-10-30,up_sweep,2024-10-31 02:40:00,1.08592,2024-10-31 03:59:00,0.0004299999999999,True,0.0,0.0004299999999999,0.0008099999999999,Wednesday,2,1.0,0.0,True,False,1.08713,1.08202,15.099999999999005,95.0,75.0,1.08592,1.08441,False,-0.23679060665360974,0.0015099999999999003,Q4
2024-10-31,down_sweep,2024-11-01 01:00:00,1.08785,2024-11-01 03:59:00,0.0021199999999998,False,,0.0021199999999998,-9.9999999999989e-05,Thursday,1,0.0,1.0,False,True,1.08881,1.08461,10.00000000000112,75.0,65.0,1.08885,1.08785,False,0.00952380952381909,0.001000000000000112,Q3
2024-11-03,up_sweep,2024-11-04 01:00:00,1.08912,2024-11-04 03:59:00,0.0010699999999999,False,60.0,0.0010699999999999,0.00041,Sunday,1,,,,,,,,,,,,False,,,Q4
2024-11-04,up_sweep,2024-11-05 01:00:00,1.0878,2024-11-05 03:59:00,0.0016099999999998,False,3.0,0.0016099999999998,0.00011,Monday,1,0.0,1.0,False,True,1.09096,1.08753,5.60000000000116,15.0,35.0,1.0878,1.08724,True,0.08454810495630861,0.000560000000000116,Q1
2024-11-05,down_sweep,2024-11-06 01:00:00,1.08214,2024-11-06 03:59:00,0.01187,False,,0.01187,-0.0040200000000001,Tuesday,1,0.0,2.0,False,True,1.09365,1.08894,112.49999999999982,100.0,80.0,1.09339,1.08214,False,1.443736730360919,0.011249999999999982,Q4
2024-11-06,up_sweep,2024-11-07 01:00:00,1.07372,2024-11-07 03:59:00,0.0034399999999998,False,,0.0034399999999998,-0.0003899999999998,Wednesday,1,1.0,0.0,True,False,1.0758,1.06984,24.29999999999932,95.0,100.0,1.07372,1.07129,False,-0.24328859060404828,0.002429999999999932,Q4
2024-11-07,down_sweep,2024-11-08 01:11:00,1.0779,2024-11-08 03:59:00,0.00181,False,1.0,0.00181,0.0004799999999998,Thursday,1,2.0,0.0,True,False,1.08247,1.07669,18.299999999999983,90.0,95.0,1.07973,1.0779,False,-0.20934256055365583,0.0018299999999999983,Q4
2024-11-10,down_sweep,2024-11-11 02:22:00,1.07087,2024-11-11 03:59:00,0.00302,False,0.0,0.00302,0.0001899999999999,Sunday,2,,,,,,,,,,,,False,,,Q4
2024-11-11,down_sweep,2024-11-12 01:00:00,1.06478,2024-11-12 03:59:00,0.0030799999999999,False,,0.0030799999999999,-0.0008000000000001,Monday,1,0.0,1.0,False,True,1.06575,1.06286,15.300000000000312,85.0,30.0,1.06631,1.06478,True,0.19377162629761402,0.0015300000000000313,Q4
2024-11-12,down_sweep,2024-11-13 01:06:00,1.06109,2024-11-13 03:59:00,0.0017599999999999,True,16.0,0.0017599999999999,0.0003499999999998,Tuesday,1,0.0,2.0,False,True,1.06272,1.05951,18.199999999999328,85.0,30.0,1.06291,1.06109,True,0.059190031152617804,0.0018199999999999328,Q4
2024-11-13,down_sweep,2024-11-14 01:00:00,1.0551,2024-11-14 03:59:00,0.0018699999999998,False,3.0,0.0018699999999998,0.00069,Wednesday,1,0.0,3.0,False,True,1.0654,1.05556,17.599999999999838,80.0,100.0,1.05686,1.0551,False,0.046747967479688415,0.0017599999999999838,Q4
2024-11-14,up_sweep,2024-11-15 01:07:00,1.05415,2024-11-15 03:59:00,0.00303,False,2.0,0.00303,0.0007899999999998,Thursday,1,1.0,0.0,True,False,1.05825,1.05119,17.899999999999583,80.0,95.0,1.05415,1.05236,False,-0.16572237960338798,0.0017899999999999583,Q4
2024-11-17,up_sweep,2024-11-18 03:24:00,1.05505,2024-11-18 03:59:00,0.0005599999999998,True,7.0,0.0005599999999998,0.0007000000000001,Sunday,3,,,,,,,,,,,,False,,,Q4
2024-11-18,down_sweep,2024-11-19 01:00:00,1.05871,2024-11-19 03:59:00,0.0024600000000001,False,6.0,0.0024600000000001,0.00092,Monday,1,1.0,0.0,True,False,1.06071,1.05536,8.900000000000574,50.0,75.0,1.0596,1.05871,False,-0.2074766355140096,0.0008900000000000574,Q3
2024-11-19,down_sweep,2024-11-20 01:00:00,1.05958,2024-11-20 03:59:00,0.00357,False,,0.00357,-4.000000000004e-05,Tuesday,1,0.0,1.0,False,True,1.0601,1.05655,13.900000000000023,60.0,35.0,1.06097,1.05958,False,0.24507042253519454,0.0013900000000000023,Q4
2024-11-20,up_sweep,2024-11-21 01:12:00,1.05497,2024-11-21 03:59:00,0.0004699999999999,False,11.0,0.0004699999999999,0.0025699999999999,Wednesday,1,1.0,0.0,True,False,1.05603,1.05068,7.299999999998974,25.0,75.0,1.05497,1.05424,True,-0.19813084112150797,0.0007299999999998974,Q2
2024-11-21,down_sweep,2024-11-22 01:00:00,1.04663,2024-11-22 03:59:00,0.0025299999999999,False,5.0,0.0025299999999999,0.0031799999999999,Thursday,1,2.0,0.0,True,False,1.05447,1.04622,11.400000000001407,55.00000000000001,95.0,1.04777,1.04663,False,-0.04969696969697175,0.001140000000000141,Q4
2024-11-24,down_sweep,2024-11-25 02:16:00,1.04735,2024-11-25 03:59:00,0.00245,False,1.0,0.00245,0.00024,Sunday,2,,,,,,,,,,,,False,,,Q4
2024-11-25,up_sweep,2024-11-26 01:00:00,1.04645,2024-11-26 03:59:00,0.0031699999999998,False,,0.0031699999999998,-0.0005499999999998,Monday,1,0.0,1.0,False,True,1.05303,1.04667,39.5000000000012,95.0,85.0,1.04645,1.0425,False,0.6556603773584998,0.00395000000000012,Q4
2024-11-26,down_sweep,2024-11-27 01:00:00,1.04846,2024-11-27 03:59:00,0.0009399999999999,False,30.0,0.0009399999999999,0.00556,Tuesday,1,1.0,0.0,True,False,1.05158,1.04571,11.799999999999589,50.0,75.0,1.04964,1.04846,False,-0.3304940374787119,0.0011799999999999589,Q4
2024-11-27,down_sweep,2024-11-28 01:01:00,1.05473,2024-11-28 03:59:00,0.0019799999999998,False,15.0,0.0019799999999998,0.00078,Wednesday,1,2.0,0.0,True,False,1.05876,1.05324,15.400000000000968,65.0,65.0,1.05627,1.05473,False,-0.269927536231884,0.0015400000000000968,Q4
2024-11-28,up_sweep,2024-11-29 01:31:00,1.05748,2024-11-29 03:59:00,0.0022299999999999,True,2.0,0.0022299999999999,0.00109,Thursday,1,0.0,1.0,False,True,1.0557,1.05302,18.40000000000064,85.0,5.0,1.05748,1.05564,True,0.664179104477568,0.0018400000000000638,Q4
2024-12-01,down_sweep,2024-12-02 01:00:00,1.05279,2024-12-02 03:59:00,0.0031999999999998,False,37.0,0.0031999999999998,0.0009100000000001,Sunday,1,,,,,,,,,,,,False,,,Q4
2024-12-02,down_sweep,2024-12-03 01:45:00,1.04842,2024-12-03 03:59:00,7.999999999985796e-05,False,0.0,7.999999999985796e-05,0.0043600000000001,Monday,1,1.0,0.0,True,False,1.05158,1.04607,17.20000000000166,60.0,60.0,1.05014,1.04842,False,-0.26134301270415805,0.0017200000000001658,Q4
2024-12-03,up_sweep,2024-12-04 01:00:00,1.05125,2024-12-04 03:59:00,0.00164,False,3.0,0.00164,0.00221,Tuesday,1,2.0,0.0,True,False,1.0535,1.0492,15.400000000000968,55.00000000000001,35.0,1.05125,1.04971,False,-0.11860465116278782,0.0015400000000000968,Q4
2024-12-04,up_sweep,2024-12-05 01:00:00,1.05158,2024-12-05 03:59:00,0.0030499999999999,False,,0.0030499999999999,-0.0007000000000001,Wednesday,1,3.0,0.0,True,False,1.05439,1.04723,7.699999999999374,10.0,90.0,1.05158,1.05081,True,-0.3924581005586655,0.0007699999999999374,Q2
2024-12-05,up_sweep,2024-12-06 03:07:00,1.05864,2024-12-06 03:59:00,0.0007599999999998,True,14.0,0.0007599999999998,0.00099,Thursday,3,4.0,0.0,True,False,1.05896,1.05459,20.500000000001076,85.0,35.0,1.05864,1.05659,False,-0.07322654462239749,0.0020500000000001073,Q4
2024-12-08,down_sweep,2024-12-09 01:00:00,1.05511,2024-12-09 03:59:00,0.00146,False,85.0,0.00146,0.0019299999999999,Sunday,1,,,,,,,,,,,,False,,,Q4
2024-12-09,up_sweep,2024-12-10 01:00:00,1.05545,2024-12-10 03:59:00,0.0013499999999999,False,105.0,0.0013499999999999,0.0016799999999999,Monday,1,0.0,1.0,False,True,1.05944,1.05471,9.300000000000974,20.0,40.0,1.05545,1.05452,True,0.040169133192418285,0.0009300000000000974,Q3
2024-12-10,down_sweep,2024-12-11 01:00:00,1.05276,2024-12-11 03:59:00,0.0039599999999999,False,15.0,0.0039599999999999,8.000000000008001e-05,Tuesday,1,0.0,2.0,False,True,1.05312,1.04984,7.900000000000684,10.0,15.0,1.05355,1.05276,True,0.13109756097559055,0.0007900000000000684,Q2
2024-12-11,up_sweep,2024-12-12 01:39:00,1.05087,2024-12-12 03:59:00,0.00221,False,8.0,0.00221,0.00041,Wednesday,1,1.0,0.0,True,False,1.05373,1.04802,6.399999999999739,0.0,60.0,1.05087,1.05023,True,-0.3870402802101585,0.0006399999999999739,Q1
2024-12-12,down_sweep,2024-12-13 01:08:00,1.04633,2024-12-13 03:59:00,0.00102,True,0.0,0.00102,0.0008399999999999,Thursday,1,0.0,1.0,False,True,1.05209,1.04637,17.499999999999183,65.0,65.0,1.04808,1.04633,False,0.006993006993014051,0.0017499999999999183,Q4
2024-12-15,down_sweep,2024-12-16 02:54:00,1.05091,2024-12-16 03:59:00,0.00089,False,9.0,0.00089,0.00156,Sunday,2,,,,,,,,,,,,False,,,Q4
2024-12-16,down_sweep,2024-12-17 01:00:00,1.05149,2024-12-17 03:59:00,0.0029799999999999,False,,0.0029799999999999,-0.00058,Monday,1,0.0,1.0,False,True,1.05226,1.04745,19.400000000000528,90.0,40.0,1.05343,1.05149,False,0.2432432432432682,0.0019400000000000528,Q4
2024-12-17,up_sweep,2024-12-18 01:00:00,1.05027,2024-12-18 03:59:00,0.0009999999999998,True,2.0,0.0009999999999998,0.00153,Tuesday,1,1.0,0.0,True,False,1.05159,1.04851,9.900000000000464,30.0,5.0,1.05027,1.04928,True,-0.249999999999982,0.0009900000000000464,Q3
2024-12-18,up_sweep,2024-12-19 01:00:00,1.03799,2024-12-19 03:59:00,0.00295,False,1.0,0.00295,0.0002699999999999,Wednesday,1,2.0,0.0,True,False,1.05032,1.03439,29.50000000000008,95.0,100.0,1.03799,1.03504,False,-0.04080351537978904,0.002950000000000008,Q4
2024-12-19,up_sweep,2024-12-20 01:07:00,1.03692,2024-12-20 03:59:00,0.0029099999999999,False,1.0,0.0029099999999999,0.0026300000000001,Thursday,1,3.0,0.0,True,False,1.04139,1.03545,10.499999999999954,35.0,75.0,1.03692,1.03587,False,-0.07070707070708468,0.0010499999999999954,Q3
2024-12-22,up_sweep,2024-12-23 01:00:00,1.04381,2024-12-23 03:59:00,0.0004000000000001,False,5.0,0.0004000000000001,0.0030899999999998,Sunday,1,,,,,,,,,,,,False,,,Q4
2024-12-23,down_sweep,2024-12-24 01:00:00,1.03979,2024-12-24 03:59:00,0.00078,False,11.0,0.00078,0.00076,Monday,1,1.0,0.0,True,False,1.04179,1.03842,6.800000000000139,5.0,15.0,1.04047,1.03979,True,-0.39169139465873903,0.0006800000000000139,Q1
2024-12-25,down_sweep,2024-12-26 02:19:00,1.0393,2024-12-26 03:59:00,0.0002499999999998,True,0.0,0.0002499999999998,0.0007000000000001,Wednesday,2,,,,,,,,,,,,False,,,Q4
2024-12-26,down_sweep,2024-12-27 01:00:00,1.04121,2024-12-27 03:59:00,0.00072,True,58.0,0.00072,0.00136,Thursday,1,1.0,0.0,True,False,1.04301,1.03951,11.6000000000005,45.0,25.0,1.04237,1.04121,True,-0.18285714285713234,0.0011600000000000499,Q4
2024-12-29,up_sweep,2024-12-30 01:32:00,1.04311,2024-12-30 03:59:00,2.999999999997449e-05,False,4.0,2.999999999997449e-05,0.00218,Sunday,1,,,,,,,,,,,,False,,,Q4
2024-12-30,up_sweep,2024-12-31 03:04:00,1.04131,2024-12-31 03:59:00,0.00069,False,0.0,0.00069,0.0007299999999998,Monday,3,1.0,0.0,True,False,1.04377,1.03717,16.199999999999548,65.0,85.0,1.04131,1.03969,False,-0.3727272727272831,0.0016199999999999548,Q4
