trading_day_id,side,sweep_time,sweep_level,london_end,max_extension,reverted_inside_by_end,time_to_revert_min,max_adverse,max_favorable,asia_high,asia_low
2018-01-01,up_sweep,2018-01-02 01:00:00,1.2023,2018-01-02 03:59:00,0.0024699999999999722,False,31.0,0.0024699999999999722,3.999999999981796e-05,1.2023,1.20093
2018-01-02,down_sweep,2018-01-03 01:58:00,1.20444,2018-01-03 03:59:00,0.0013300000000000534,False,0.0,0.0013300000000000534,0.00045000000000006146,1.20637,1.20444
2018-01-03,up_sweep,2018-01-04 01:00:00,1.20112,2018-01-04 03:59:00,0.00266999999999995,False,,0.00266999999999995,-0.0005900000000000905,1.20112,1.20044
2018-01-04,down_sweep,2018-01-05 01:44:00,1.2065,2018-01-05 03:59:00,0.0013999999999998458,False,0.0,0.0013999999999998458,0.00020000000000020002,1.20794,1.2065
2018-01-07,down_sweep,2018-01-08 01:00:00,1.20331,2018-01-08 03:59:00,0.00499000000000005,False,,0.00499000000000005,-0.0010499999999999954,1.20522,1.20331
2018-01-08,down_sweep,2018-01-09 01:34:00,1.19579,2018-01-09 03:59:00,0.0025799999999998047,False,17.0,0.0025799999999998047,0.0012900000000000134,1.19734,1.19579
2018-01-09,down_sweep,2018-01-10 01:00:00,1.19281,2018-01-10 03:59:00,0.0004999999999999449,False,0.0,0.0004999999999999449,0.0026700000000001722,1.19451,1.19281
2018-01-10,down_sweep,2018-01-11 01:16:00,1.19474,2018-01-11 03:59:00,0.0018099999999998673,False,12.0,0.0018099999999998673,0.00026999999999999247,1.19628,1.19474
2018-01-11,up_sweep,2018-01-12 02:40:00,1.20665,2018-01-12 03:59:00,0.005390000000000006,False,7.0,0.005390000000000006,0.0014300000000000423,1.20665,1.20415
2018-01-14,up_sweep,2018-01-15 01:00:00,1.22088,2018-01-15 03:59:00,0.0025500000000000522,False,60.0,0.0025500000000000522,0.0007500000000000284,1.22088,1.21875
2018-01-15,up_sweep,2018-01-16 01:31:00,1.22696,2018-01-16 03:59:00,0.0013300000000000534,False,0.0,0.0013300000000000534,0.00537999999999994,1.22696,1.22478
2018-01-16,down_sweep,2018-01-17 01:00:00,1.22639,2018-01-17 03:59:00,0.005550000000000166,False,,0.005550000000000166,-0.0012900000000000134,1.2323,1.22639
2018-01-17,up_sweep,2018-01-18 01:00:00,1.2204,2018-01-18 03:59:00,0.0013499999999999623,True,4.0,0.0013499999999999623,0.0017799999999998928,1.2204,1.21792
2018-01-18,up_sweep,2018-01-19 01:00:00,1.22536,2018-01-19 03:59:00,0.003109999999999946,False,70.0,0.003109999999999946,0.00022999999999995246,1.22536,1.22319
2018-01-21,down_sweep,2018-01-22 01:14:00,1.22249,2018-01-22 03:59:00,0.0011100000000001664,True,0.0,0.0011100000000001664,0.0024999999999999467,1.22573,1.22249
2018-01-22,down_sweep,2018-01-23 01:38:00,1.22561,2018-01-23 03:59:00,0.003310000000000146,False,0.0,0.003310000000000146,0.0007899999999998464,1.22751,1.22561
2018-01-23,up_sweep,2018-01-24 01:00:00,1.23125,2018-01-24 03:59:00,0.0032000000000000917,False,33.0,0.0032000000000000917,0.0009900000000000464,1.23125,1.22915
2018-01-24,up_sweep,2018-01-25 01:00:00,1.24104,2018-01-25 03:59:00,0.0048799999999999955,True,100.0,0.0048799999999999955,0.0020999999999999908,1.24104,1.23846
2018-01-25,up_sweep,2018-01-26 01:01:00,1.2433,2018-01-26 03:59:00,0.006049999999999889,False,0.0,0.006049999999999889,0.00042000000000008697,1.2433,1.23862
2018-01-28,down_sweep,2018-01-29 02:41:00,1.23957,2018-01-29 03:59:00,0.0007099999999999884,True,0.0,0.0007099999999999884,0.0013499999999999623,1.24322,1.23957
2018-01-29,down_sweep,2018-01-30 01:00:00,1.23683,2018-01-30 03:59:00,0.003310000000000146,True,175.0,0.003310000000000146,0.0016299999999997983,1.2388,1.23683
2018-01-30,up_sweep,2018-01-31 01:00:00,1.24244,2018-01-31 03:59:00,0.003810000000000091,False,,0.003810000000000091,-9.999999999998899e-05,1.24244,1.2402
2018-01-31,down_sweep,2018-02-01 01:34:00,1.24055,2018-02-01 03:59:00,0.002020000000000133,True,0.0,0.002020000000000133,0.0032999999999998586,1.24284,1.24055
2018-02-01,down_sweep,2018-02-02 01:00:00,1.24918,2018-02-02 03:59:00,0.0006299999999999084,True,3.0,0.0006299999999999084,0.0026200000000000667,1.25148,1.24918
2018-02-04,up_sweep,2018-02-05 01:00:00,1.24582,2018-02-05 03:59:00,0.0009600000000000719,False,7.0,0.0009600000000000719,0.0019000000000000128,1.24582,1.24399
2018-02-05,up_sweep,2018-02-06 01:50:00,1.23882,2018-02-06 03:59:00,0.0046200000000000685,False,1.0,0.0046200000000000685,0.0012700000000001044,1.23882,1.23639
2018-02-06,up_sweep,2018-02-07 01:47:00,1.23933,2018-02-07 03:59:00,0.0012600000000000389,True,0.0,0.0012600000000000389,0.003049999999999997,1.23933,1.23757
2018-02-07,up_sweep,2018-02-08 01:05:00,1.22801,2018-02-08 03:59:00,0.0014499999999999513,False,2.0,0.0014499999999999513,0.004450000000000065,1.22801,1.22653
2018-02-08,up_sweep,2018-02-09 01:34:00,1.22635,2018-02-09 03:59:00,0.0023299999999999432,False,10.0,0.0023299999999999432,0.0005699999999999594,1.22635,1.22486
2018-02-11,up_sweep,2018-02-12 01:00:00,1.228,2018-02-12 03:59:00,0.0015799999999999148,True,8.0,0.0015799999999999148,0.0019100000000000783,1.228,1.22515
2018-02-12,up_sweep,2018-02-13 01:00:00,1.23012,2018-02-13 03:59:00,0.0036299999999998,False,,0.0036299999999998,-0.0008099999999999774,1.23012,1.22854
2018-02-13,up_sweep,2018-02-14 01:00:00,1.23621,2018-02-14 03:59:00,0.0023599999999999177,False,146.0,0.0023599999999999177,0.00015999999999993797,1.23621,1.23511
2018-02-14,up_sweep,2018-02-15 01:49:00,1.24731,2018-02-15 03:59:00,0.0037200000000001676,False,0.0,0.0037200000000001676,0.0008899999999998354,1.24731,1.24479
2018-02-15,up_sweep,2018-02-16 01:00:00,1.25147,2018-02-16 03:59:00,0.003409999999999913,False,,0.003409999999999913,-0.0008399999999999519,1.25147,1.2497
2018-02-18,down_sweep,2018-02-19 01:00:00,1.24107,2018-02-19 03:59:00,0.0022899999999999032,False,2.0,0.0022899999999999032,0.0010200000000000209,1.2435,1.24107
2018-02-19,down_sweep,2018-02-20 01:00:00,1.23849,2018-02-20 03:59:00,0.003960000000000186,False,32.0,0.003960000000000186,0.0006800000000000139,1.24105,1.23849
2018-02-20,down_sweep,2018-02-21 01:00:00,1.23286,2018-02-21 03:59:00,0.0021100000000000563,False,20.0,0.0021100000000000563,0.0010900000000000354,1.23446,1.23286
2018-02-21,down_sweep,2018-02-22 01:52:00,1.22649,2018-02-22 03:59:00,0.000520000000000076,True,7.0,0.000520000000000076,0.0023199999999998777,1.22846,1.22649
2018-02-22,down_sweep,2018-02-23 01:00:00,1.23166,2018-02-23 03:59:00,0.0036799999999999056,True,174.0,0.0036799999999999056,0.00042999999999993044,1.23316,1.23166
2018-02-25,up_sweep,2018-02-26 01:00:00,1.23047,2018-02-26 03:59:00,0.0030000000000001137,False,,0.0030000000000001137,-0.0010499999999999954,1.23047,1.22802
2018-02-26,up_sweep,2018-02-27 02:47:00,1.23367,2018-02-27 03:59:00,0.0009500000000000064,True,26.0,0.0009500000000000064,0.0010499999999999954,1.23367,1.23142
2018-02-27,down_sweep,2018-02-28 01:14:00,1.22211,2018-02-28 03:59:00,0.0021700000000000053,False,1.0,0.0021700000000000053,0.0020400000000000418,1.22376,1.22211
2018-02-28,up_sweep,2018-03-01 01:25:00,1.21939,2018-03-01 03:59:00,0.0019199999999999218,False,0.0,0.0019199999999999218,0.00028999999999990145,1.21939,1.21834
2018-03-01,down_sweep,2018-03-02 02:00:00,1.22618,2018-03-02 03:59:00,0.0010499999999999954,True,8.0,0.0010499999999999954,0.0016899999999999693,1.22805,1.22618
2018-03-04,down_sweep,2018-03-05 01:01:00,1.2316,2018-03-05 03:59:00,0.0046999999999999265,True,1.0,0.0046999999999999265,0.0017199999999999438,1.23376,1.2316
2018-03-05,down_sweep,2018-03-06 01:51:00,1.2335,2018-03-06 03:59:00,0.000700000000000145,True,0.0,0.000700000000000145,0.0015199999999999658,1.23627,1.2335
2018-03-06,up_sweep,2018-03-07 01:17:00,1.24267,2018-03-07 03:59:00,0.000660000000000105,False,2.0,0.000660000000000105,0.0022799999999998377,1.24267,1.241
2018-03-07,down_sweep,2018-03-08 01:58:00,1.23965,2018-03-08 03:59:00,0.0005999999999999339,False,1.0,0.0005999999999999339,0.0018000000000000238,1.24152,1.23965
2018-03-08,up_sweep,2018-03-09 01:00:00,1.23159,2018-03-09 03:59:00,0.0005900000000000905,True,1.0,0.0005900000000000905,0.0021299999999999653,1.23159,1.2295
2018-03-11,up_sweep,2018-03-12 01:00:00,1.23133,2018-03-12 03:59:00,0.0027399999999999647,False,,0.0027399999999999647,-0.00014999999999987246,1.23133,1.2306
2018-03-12,down_sweep,2018-03-13 01:00:00,1.2333,2018-03-13 03:59:00,0.0015800000000001369,False,79.0,0.0015800000000001369,0.00025999999999992696,1.23451,1.2333
2018-03-13,up_sweep,2018-03-14 01:00:00,1.23985,2018-03-14 03:59:00,0.0013900000000000023,False,82.0,0.0013900000000000023,0.0013099999999999223,1.23985,1.23891
2018-03-14,down_sweep,2018-03-15 02:10:00,1.23668,2018-03-15 03:59:00,0.0005100000000000104,True,0.0,0.0005100000000000104,0.0011099999999999444,1.23835,1.23668
2018-03-15,up_sweep,2018-03-16 01:00:00,1.23099,2018-03-16 03:59:00,0.0014899999999999913,False,1.0,0.0014899999999999913,0.00022999999999995246,1.23099,1.23022
2018-03-18,down_sweep,2018-03-19 01:00:00,1.22707,2018-03-19 03:59:00,0.0012700000000001044,False,135.0,0.0012700000000001044,0.00035999999999991594,1.2287,1.22707
2018-03-19,up_sweep,2018-03-20 02:33:00,1.23447,2018-03-20 03:59:00,0.0009700000000001374,False,0.0,0.0009700000000001374,0.0009799999999999809,1.23447,1.23339
2018-03-20,up_sweep,2018-03-21 01:00:00,1.22565,2018-03-21 03:59:00,0.0025000000000001688,False,,0.0025000000000001688,-0.0003500000000000725,1.22565,1.22431
2018-03-21,up_sweep,2018-03-22 03:18:00,1.23689,2018-03-22 03:59:00,0.0019199999999999218,False,0.0,0.0019199999999999218,0.0004999999999999449,1.23689,1.23413
2018-03-22,up_sweep,2018-03-23 02:23:00,1.23411,2018-03-23 03:59:00,0.0007399999999999629,True,4.0,0.0007399999999999629,0.0024500000000000632,1.23411,1.23158
2018-03-25,up_sweep,2018-03-26 03:10:00,1.2379,2018-03-26 03:59:00,0.0014499999999999513,False,0.0,0.0014499999999999513,0.0005999999999999339,1.2379,1.23516
2018-03-26,down_sweep,2018-03-27 01:33:00,1.24468,2018-03-27 03:59:00,0.00039999999999995595,False,3.0,0.00039999999999995595,0.0029399999999999427,1.24576,1.24468
2018-03-27,down_sweep,2018-03-28 01:06:00,1.24052,2018-03-28 03:59:00,0.002890000000000059,False,7.0,0.002890000000000059,0.0005100000000000104,1.24157,1.24052
2018-03-28,up_sweep,2018-03-29 01:00:00,1.23142,2018-03-29 03:59:00,0.0020599999999999508,True,114.0,0.0020599999999999508,0.0018899999999999473,1.23142,1.23013
2018-03-29,up_sweep,2018-03-30 01:00:00,1.23086,2018-03-30 03:59:00,0.0014099999999999113,False,36.0,0.0014099999999999113,0.00036999999999998145,1.23086,1.22928
2018-04-01,up_sweep,2018-04-02 02:58:00,1.23218,2018-04-02 03:59:00,0.0009799999999999809,False,5.0,0.0009799999999999809,0.0001900000000001345,1.23218,1.23106
2018-04-02,up_sweep,2018-04-03 01:00:00,1.2304,2018-04-03 03:59:00,0.003210000000000157,False,22.0,0.003210000000000157,7.00000000000145e-05,1.2304,1.22919
2018-04-03,up_sweep,2018-04-04 01:09:00,1.22806,2018-04-04 03:59:00,0.0014100000000001334,False,1.0,0.0014100000000001334,0.0023799999999998267,1.22806,1.22684
2018-04-04,down_sweep,2018-04-05 01:00:00,1.22817,2018-04-05 03:59:00,0.003290000000000015,False,,0.003290000000000015,-0.00029999999999996696,1.22899,1.22817
2018-04-05,down_sweep,2018-04-06 01:00:00,1.224,2018-04-06 03:59:00,0.0024999999999999467,False,12.0,0.0024999999999999467,0.00021000000000004349,1.22543,1.224
2018-04-08,up_sweep,2018-04-09 01:00:00,1.22764,2018-04-09 03:59:00,0.0009699999999999154,False,0.0,0.0009699999999999154,0.0016300000000000203,1.22764,1.22654
2018-04-09,down_sweep,2018-04-10 01:00:00,1.23203,2018-04-10 03:59:00,0.0017599999999999838,False,141.0,0.0017599999999999838,0.0014600000000000168,1.23289,1.23203
2018-04-10,up_sweep,2018-04-11 01:12:00,1.23649,2018-04-11 03:59:00,0.0022299999999999542,False,32.0,0.0022299999999999542,0.0002300000000001745,1.23649,1.23573
2018-04-11,down_sweep,2018-04-12 01:00:00,1.23673,2018-04-12 03:59:00,0.0014000000000000679,True,84.0,0.0014000000000000679,0.0006499999999998174,1.23795,1.23673
2018-04-12,down_sweep,2018-04-13 01:29:00,1.2326,2018-04-13 03:59:00,0.0008899999999998354,False,0.0,0.0008899999999998354,0.0017500000000001403,1.23327,1.2326
2018-04-15,down_sweep,2018-04-16 01:54:00,1.23279,2018-04-16 03:59:00,0.00041000000000002146,False,2.0,0.00041000000000002146,0.0031200000000000117,1.23401,1.23279
2018-04-16,up_sweep,2018-04-17 01:58:00,1.23874,2018-04-17 03:59:00,0.002610000000000001,False,4.0,0.002610000000000001,0.00021000000000004349,1.23874,1.23791
2018-04-17,up_sweep,2018-04-18 01:00:00,1.23738,2018-04-18 03:59:00,0.0006700000000001705,False,16.0,0.0006700000000001705,0.002529999999999921,1.23738,1.23693
2018-04-18,up_sweep,2018-04-19 01:30:00,1.23834,2018-04-19 03:59:00,0.0016700000000000603,False,0.0,0.0016700000000000603,0.0016099999999998893,1.23834,1.23703
2018-04-19,down_sweep,2018-04-20 01:16:00,1.23389,2018-04-20 03:59:00,0.0014600000000000168,False,1.0,0.0014600000000000168,0.0013900000000000023,1.23484,1.23389
2018-04-22,down_sweep,2018-04-23 01:33:00,1.22681,2018-04-23 03:59:00,0.0005399999999999849,False,0.0,0.0005399999999999849,0.0021100000000000563,1.22827,1.22681
2018-04-23,up_sweep,2018-04-24 01:00:00,1.22114,2018-04-24 03:59:00,0.0012199999999999989,False,112.0,0.0012199999999999989,0.0022199999999998887,1.22114,1.22014
2018-04-24,down_sweep,2018-04-25 01:00:00,1.22244,2018-04-25 03:59:00,0.0036599999999999966,False,,0.0036599999999999966,-0.0005999999999999339,1.22385,1.22244
2018-04-25,up_sweep,2018-04-26 01:46:00,1.21772,2018-04-26 03:59:00,0.0011100000000001664,True,0.0,0.0011100000000001664,0.0018399999999998418,1.21772,1.2163
2018-04-26,up_sweep,2018-04-27 01:00:00,1.21091,2018-04-27 03:59:00,0.0002900000000001235,False,10.0,0.0002900000000001235,0.004429999999999934,1.21091,1.21012
2018-04-29,up_sweep,2018-04-30 01:28:00,1.21316,2018-04-30 03:59:00,0.0007099999999999884,False,32.0,0.0007099999999999884,0.0023299999999999432,1.21316,1.21186
2018-04-30,down_sweep,2018-05-01 01:00:00,1.20766,2018-05-01 03:59:00,0.0021599999999999397,False,,0.0021599999999999397,-0.00045000000000006146,1.20838,1.20766
2018-05-01,up_sweep,2018-05-02 01:00:00,1.19994,2018-05-02 03:59:00,0.003190000000000026,False,5.0,0.003190000000000026,0.0009600000000000719,1.19994,1.19873
2018-05-02,up_sweep,2018-05-03 01:00:00,1.19671,2018-05-03 03:59:00,0.004150000000000098,False,,0.004150000000000098,0.00010999999999983245,1.19671,1.19475
2018-05-03,down_sweep,2018-05-04 02:00:00,1.19799,2018-05-04 03:59:00,0.0021500000000000963,False,,0.0021500000000000963,0.00032999999999994145,1.19908,1.19799
2018-05-06,down_sweep,2018-05-07 01:09:00,1.19533,2018-05-07 03:59:00,0.003130000000000077,False,0.0,0.003130000000000077,0.00036999999999998145,1.19697,1.19533
2018-05-07,down_sweep,2018-05-08 01:00:00,1.19216,2018-05-08 03:59:00,0.0016900000000001913,False,55.0,0.0016900000000001913,0.0011099999999999444,1.19385,1.19216
2018-05-08,down_sweep,2018-05-09 01:00:00,1.18534,2018-05-09 03:59:00,0.003090000000000037,False,,0.003090000000000037,0.00012999999999996348,1.18696,1.18534
2018-05-09,up_sweep,2018-05-10 01:00:00,1.18555,2018-05-10 03:59:00,0.0023599999999999177,False,60.0,0.0023599999999999177,0.00043999999999999595,1.18555,1.18426
2018-05-10,down_sweep,2018-05-11 01:40:00,1.19111,2018-05-11 03:59:00,0.0020000000000000018,False,24.0,0.0020000000000000018,0.000700000000000145,1.19238,1.19111
2018-05-13,up_sweep,2018-05-14 01:56:00,1.19641,2018-05-14 03:59:00,0.0019599999999999618,False,4.0,0.0019599999999999618,0.0013099999999999223,1.19641,1.19453
2018-05-14,down_sweep,2018-05-15 01:00:00,1.19278,2018-05-15 03:59:00,0.0017700000000000493,False,99.0,0.0017700000000000493,0.0009000000000001229,1.19379,1.19278
2018-05-15,up_sweep,2018-05-16 01:02:00,1.18345,2018-05-16 03:59:00,0.0019200000000001438,False,1.0,0.0019200000000001438,0.0010199999999997988,1.18345,1.18176
2018-05-16,up_sweep,2018-05-17 01:01:00,1.18199,2018-05-17 03:59:00,0.0014999999999998348,False,18.0,0.0014999999999998348,0.0027600000000000957,1.18199,1.18069
2018-05-17,up_sweep,2018-05-18 01:23:00,1.18075,2018-05-18 03:59:00,0.0014600000000000168,False,1.0,0.0014600000000000168,0.00017000000000000348,1.18075,1.1789
2018-05-20,down_sweep,2018-05-21 02:00:00,1.17441,2018-05-21 03:59:00,0.0023699999999999832,False,0.0,0.0023699999999999832,0.0005900000000000905,1.17682,1.17441
2018-05-21,down_sweep,2018-05-22 01:00:00,1.17857,2018-05-22 03:59:00,0.002949999999999786,False,64.0,0.002949999999999786,0.003350000000000186,1.17972,1.17857
2018-05-22,down_sweep,2018-05-23 01:00:00,1.17778,2018-05-23 03:59:00,0.007630000000000026,False,,0.007630000000000026,-0.0009600000000000719,1.17893,1.17778
2018-05-23,down_sweep,2018-05-24 01:43:00,1.17008,2018-05-24 03:59:00,0.0007900000000000684,False,0.0,0.0007900000000000684,0.0032000000000000917,1.17136,1.17008
2018-05-24,down_sweep,2018-05-25 01:00:00,1.17153,2018-05-25 03:59:00,0.0031200000000000117,False,,0.0031200000000000117,-0.00045000000000006146,1.17262,1.17153
2018-05-27,up_sweep,2018-05-28 01:00:00,1.17052,2018-05-28 03:59:00,0.0023100000000000342,True,122.0,0.0023100000000000342,0.0017199999999999438,1.17052,1.16839
2018-05-28,up_sweep,2018-05-29 01:30:00,1.16331,2018-05-29 03:59:00,0.0006299999999999084,False,1.0,0.0006299999999999084,0.006730000000000125,1.16331,1.16221
2018-05-29,down_sweep,2018-05-30 01:36:00,1.15319,2018-05-30 03:59:00,0.00024999999999986144,False,2.0,0.00024999999999986144,0.007990000000000164,1.15443,1.15319
2018-05-30,up_sweep,2018-05-31 01:32:00,1.16708,2018-05-31 03:59:00,0.004810000000000203,False,0.0,0.004810000000000203,0.0006299999999999084,1.16708,1.16549
2018-05-31,down_sweep,2018-06-01 01:00:00,1.16857,2018-06-01 03:59:00,0.002060000000000173,False,120.0,0.002060000000000173,0.0016999999999998128,1.1705,1.16857
2018-06-03,up_sweep,2018-06-04 01:00:00,1.16794,2018-06-04 03:59:00,0.003530000000000033,False,97.0,0.003530000000000033,0.00042999999999993044,1.16794,1.16622
2018-06-04,down_sweep,2018-06-05 01:00:00,1.16927,2018-06-05 03:59:00,0.0009700000000001374,True,71.0,0.0009700000000001374,0.0015300000000000313,1.17033,1.16927
2018-06-05,down_sweep,2018-06-06 01:00:00,1.17171,2018-06-06 03:59:00,0.00032999999999994145,False,18.0,0.00032999999999994145,0.004969999999999919,1.17323,1.17171
2018-06-06,up_sweep,2018-06-07 01:00:00,1.17922,2018-06-07 03:59:00,0.0045600000000001195,False,67.0,0.0045600000000001195,0.00014999999999987246,1.17922,1.17794
2018-06-07,up_sweep,2018-06-08 01:04:00,1.18077,2018-06-08 03:59:00,0.00025999999999992696,False,0.0,0.00025999999999992696,0.0041200000000001236,1.18077,1.17914
2018-06-10,up_sweep,2018-06-11 02:04:00,1.17996,2018-06-11 03:59:00,0.0020700000000000163,False,,0.0020700000000000163,6.999999999979245e-05,1.17996,1.17711
2018-06-11,up_sweep,2018-06-12 03:02:00,1.17786,2018-06-12 03:59:00,0.0025100000000000122,False,0.0,0.0025100000000000122,0.0005299999999999194,1.17786,1.1741
2018-06-12,down_sweep,2018-06-13 01:10:00,1.17417,2018-06-13 03:59:00,0.0011799999999999589,True,1.0,0.0011799999999999589,0.0011900000000000244,1.17524,1.17417
2018-06-13,up_sweep,2018-06-14 01:00:00,1.18047,2018-06-14 03:59:00,0.0014899999999999913,False,37.0,0.0014899999999999913,0.0006800000000000139,1.18047,1.17919
2018-06-14,down_sweep,2018-06-15 02:03:00,1.1555,2018-06-15 03:59:00,0.0011799999999999589,False,10.0,0.0011799999999999589,0.0037400000000000766,1.15841,1.1555
2018-06-17,up_sweep,2018-06-18 01:30:00,1.15968,2018-06-18 03:59:00,0.00015999999999993797,False,8.0,0.00015999999999993797,0.0031600000000000517,1.15968,1.15771
2018-06-18,down_sweep,2018-06-19 01:49:00,1.1621,2018-06-19 03:59:00,0.005009999999999959,False,0.0,0.005009999999999959,0.00031000000000003247,1.16408,1.1621
2018-06-19,down_sweep,2018-06-20 01:00:00,1.15758,2018-06-20 03:59:00,0.0013000000000000789,True,31.0,0.0013000000000000789,0.0016699999999998383,1.15954,1.15758
2018-06-20,down_sweep,2018-06-21 01:00:00,1.15704,2018-06-21 03:59:00,0.003550000000000164,False,,0.003550000000000164,-0.00038000000000004697,1.158,1.15704
2018-06-21,up_sweep,2018-06-22 01:03:00,1.16176,2018-06-22 03:59:00,0.00558000000000014,False,2.0,0.00558000000000014,0.00014999999999987246,1.16176,1.16032
2018-06-24,down_sweep,2018-06-25 01:22:00,1.16515,2018-06-25 03:59:00,0.002309999999999812,False,,0.002309999999999812,9.999999999998899e-05,1.16726,1.16515
2018-06-25,up_sweep,2018-06-26 01:00:00,1.17101,2018-06-26 03:59:00,0.0008599999999998609,False,58.0,0.0008599999999998609,0.0025400000000002088,1.17101,1.16987
2018-06-26,up_sweep,2018-06-27 01:00:00,1.16547,2018-06-27 03:59:00,0.0017100000000001003,False,0.0,0.0017100000000001003,0.0015199999999999658,1.16547,1.16437
2018-06-27,down_sweep,2018-06-28 01:31:00,1.15538,2018-06-28 03:59:00,0.0026800000000000157,True,0.0,0.0026800000000000157,0.0015999999999998238,1.1565,1.15538
2018-06-28,up_sweep,2018-06-29 01:00:00,1.15757,2018-06-29 03:59:00,0.00808999999999993,False,,0.00808999999999993,-0.0043999999999999595,1.15757,1.15614
2018-07-01,down_sweep,2018-07-02 01:00:00,1.1664,2018-07-02 03:59:00,0.003810000000000091,False,,0.003810000000000091,-0.0008800000000002139,1.16823,1.1664
2018-07-02,down_sweep,2018-07-03 01:00:00,1.1634,2018-07-03 03:59:00,0.0007500000000000284,False,1.0,0.0007500000000000284,0.003610000000000113,1.16436,1.1634
2018-07-03,up_sweep,2018-07-04 01:58:00,1.16716,2018-07-04 03:59:00,0.001000000000000112,False,0.0,0.001000000000000112,0.0021800000000000708,1.16716,1.16544
2018-07-04,down_sweep,2018-07-05 01:09:00,1.16532,2018-07-05 03:59:00,0.00034000000000000696,False,6.0,0.00034000000000000696,0.005750000000000144,1.16633,1.16532
2018-07-05,down_sweep,2018-07-06 01:00:00,1.16895,2018-07-06 03:59:00,0.0005800000000000249,False,6.0,0.0005800000000000249,0.003689999999999971,1.1697,1.16895
2018-07-08,up_sweep,2018-07-09 01:00:00,1.17586,2018-07-09 03:59:00,0.0020000000000000018,False,35.0,0.0020000000000000018,0.0008599999999998609,1.17586,1.17434
2018-07-09,down_sweep,2018-07-10 01:00:00,1.17485,2018-07-10 03:59:00,0.0016799999999999038,False,121.0,0.0016799999999999038,0.0006200000000000649,1.17623,1.17485
2018-07-10,up_sweep,2018-07-11 02:21:00,1.1737,2018-07-11 03:59:00,0.00034000000000000696,True,1.0,0.00034000000000000696,0.0015300000000000313,1.1737,1.1724
2018-07-11,up_sweep,2018-07-12 01:00:00,1.16784,2018-07-12 03:59:00,0.0014400000000001079,False,54.0,0.0014400000000001079,0.0007099999999999884,1.16784,1.16699
2018-07-12,down_sweep,2018-07-13 01:00:00,1.16585,2018-07-13 03:59:00,0.0033800000000001607,False,34.0,0.0033800000000001607,0.0004999999999999449,1.16696,1.16585
2018-07-15,up_sweep,2018-07-16 01:00:00,1.16849,2018-07-16 03:59:00,0.0021899999999999142,False,,0.0021899999999999142,0.0,1.16849,1.16755
2018-07-16,up_sweep,2018-07-17 01:00:00,1.1714,2018-07-17 03:59:00,0.0023200000000000998,False,21.0,0.0023200000000000998,0.00038000000000004697,1.1714,1.17052
2018-07-17,down_sweep,2018-07-18 01:00:00,1.16484,2018-07-18 03:59:00,0.0029400000000001647,False,,0.0029400000000001647,-0.00034000000000000696,1.16594,1.16484
2018-07-18,down_sweep,2018-07-19 01:51:00,1.1641,2018-07-19 03:59:00,0.003509999999999902,False,0.0,0.003509999999999902,0.000360000000000138,1.16541,1.1641
2018-07-19,up_sweep,2018-07-20 01:00:00,1.16564,2018-07-20 03:59:00,0.0016899999999999693,False,91.0,0.0016899999999999693,0.0023500000000000743,1.16564,1.16425
2018-07-22,down_sweep,2018-07-23 01:00:00,1.17331,2018-07-23 03:59:00,0.0018900000000001693,False,4.0,0.0018900000000001693,0.0009500000000000064,1.17465,1.17331
2018-07-23,down_sweep,2018-07-24 01:00:00,1.16862,2018-07-24 03:59:00,0.003190000000000026,False,164.0,0.003190000000000026,0.0018100000000000893,1.1695,1.16862
2018-07-24,down_sweep,2018-07-25 01:00:00,1.16815,2018-07-25 03:59:00,0.0003900000000001125,True,14.0,0.0003900000000001125,0.0018000000000000238,1.16929,1.16815
2018-07-25,down_sweep,2018-07-26 01:00:00,1.17306,2018-07-26 03:59:00,0.0008399999999999519,False,27.0,0.0008399999999999519,0.0012099999999999334,1.17387,1.17306
2018-07-26,up_sweep,2018-07-27 01:00:00,1.16449,2018-07-27 03:59:00,0.0012699999999998823,False,1.0,0.0012699999999998823,0.0009000000000001229,1.16449,1.16379
2018-07-29,down_sweep,2018-07-30 01:00:00,1.16556,2018-07-30 03:59:00,0.0007800000000000029,False,8.0,0.0007800000000000029,0.0018100000000000893,1.16645,1.16556
2018-07-30,up_sweep,2018-07-31 01:00:00,1.17108,2018-07-31 03:59:00,0.002020000000000133,False,63.0,0.002020000000000133,0.00027999999999983594,1.17108,1.17045
2018-07-31,down_sweep,2018-08-01 01:00:00,1.16852,2018-08-01 03:59:00,0.0013300000000000534,True,130.0,0.0013300000000000534,0.0008600000000000829,1.16922,1.16852
2018-08-01,down_sweep,2018-08-02 01:00:00,1.16603,2018-08-02 03:59:00,0.003569999999999851,False,,0.003569999999999851,-0.0006499999999998174,1.16655,1.16603
2018-08-02,up_sweep,2018-08-03 01:00:00,1.159,2018-08-03 03:59:00,0.00048000000000003595,False,57.0,0.00048000000000003595,0.00283000000000011,1.159,1.15816
2018-08-05,down_sweep,2018-08-06 01:00:00,1.15567,2018-08-06 03:59:00,0.0006699999999999484,True,0.0,0.0006699999999999484,0.0012600000000000389,1.15651,1.15567
2018-08-06,down_sweep,2018-08-07 01:32:00,1.15553,2018-08-07 03:59:00,0.00038999999999989043,False,0.0,0.00038999999999989043,0.0028200000000000447,1.1562,1.15553
2018-08-07,up_sweep,2018-08-08 01:00:00,1.16074,2018-08-08 03:59:00,0.0020399999999998197,False,,0.0020399999999998197,0.00021000000000004349,1.16074,1.15987
2018-08-08,down_sweep,2018-08-09 01:00:00,1.16055,2018-08-09 03:59:00,0.0029600000000000737,False,13.0,0.0029600000000000737,0.0009799999999999809,1.16122,1.16055
2018-08-09,down_sweep,2018-08-10 01:07:00,1.15162,2018-08-10 03:59:00,0.008440000000000003,False,,0.008440000000000003,0.00015999999999993797,1.15348,1.15162
2018-08-12,down_sweep,2018-08-13 01:00:00,1.13779,2018-08-13 03:59:00,0.001140000000000141,False,7.0,0.001140000000000141,0.0028399999999999537,1.14114,1.13779
2018-08-13,up_sweep,2018-08-14 01:49:00,1.14065,2018-08-14 03:59:00,0.0022200000000001108,False,0.0,0.0022200000000001108,0.0006899999999998574,1.14065,1.13948
2018-08-14,down_sweep,2018-08-15 01:00:00,1.1336,2018-08-15 03:59:00,0.0019299999999999873,False,81.0,0.0019299999999999873,0.0010200000000000209,1.13494,1.1336
2018-08-15,up_sweep,2018-08-16 01:00:00,1.13464,2018-08-16 03:59:00,0.005149999999999988,False,,0.005149999999999988,-0.0010499999999999954,1.13464,1.13356
2018-08-16,up_sweep,2018-08-17 01:00:00,1.13757,2018-08-17 03:59:00,0.0019100000000000783,False,25.0,0.0019100000000000783,0.00025999999999992696,1.13757,1.13661
2018-08-19,down_sweep,2018-08-20 01:00:00,1.14321,2018-08-20 03:59:00,0.002120000000000122,False,,0.002120000000000122,-0.000500000000000167,1.14399,1.14321
2018-08-21,down_sweep,2018-08-22 02:17:00,1.15703,2018-08-22 03:59:00,0.0009799999999999809,False,47.0,0.0009799999999999809,0.0006099999999999994,1.15821,1.15703
2018-08-22,down_sweep,2018-08-23 01:00:00,1.15629,2018-08-23 03:59:00,0.0014899999999999913,True,67.0,0.0014899999999999913,0.0011299999999998533,1.15974,1.15629
2018-08-23,up_sweep,2018-08-24 01:00:00,1.15509,2018-08-24 03:59:00,0.00287000000000015,False,,0.00287000000000015,-0.0004300000000001525,1.15509,1.1538
2018-08-26,down_sweep,2018-08-27 01:00:00,1.16271,2018-08-27 03:59:00,0.003269999999999884,False,,0.003269999999999884,-0.00031999999999987594,1.16532,1.16271
2018-08-27,down_sweep,2018-08-28 01:00:00,1.16779,2018-08-28 03:59:00,0.0015500000000001624,True,107.0,0.0015500000000001624,0.0021700000000000053,1.16968,1.16779
2018-08-28,down_sweep,2018-08-29 01:33:00,1.16835,2018-08-29 03:59:00,0.0018100000000000893,False,1.0,0.0018100000000000893,0.00032999999999994145,1.16967,1.16835
2018-08-29,down_sweep,2018-08-30 01:00:00,1.17024,2018-08-30 03:59:00,0.0016699999999998383,False,110.0,0.0016699999999998383,0.0015600000000000058,1.17133,1.17024
2018-08-30,up_sweep,2018-08-31 01:00:00,1.16684,2018-08-31 03:59:00,0.0021599999999999397,False,,0.0021599999999999397,-5.999999999994898e-05,1.16684,1.16602
2018-09-02,up_sweep,2018-09-03 01:00:00,1.16034,2018-09-03 03:59:00,0.0021999999999999797,False,117.0,0.0021999999999999797,0.0012699999999998823,1.16034,1.15919
2018-09-03,down_sweep,2018-09-04 02:05:00,1.16016,2018-09-04 03:59:00,0.003390000000000004,False,0.0,0.003390000000000004,0.00021999999999988695,1.16173,1.16016
2018-09-04,up_sweep,2018-09-05 01:00:00,1.15875,2018-09-05 03:59:00,0.0007800000000000029,False,64.0,0.0007800000000000029,0.004510000000000014,1.15875,1.15802
2018-09-05,down_sweep,2018-09-06 01:03:00,1.16317,2018-09-06 03:59:00,0.0018000000000000238,False,0.0,0.0018000000000000238,0.0005100000000000104,1.1659,1.16317
2018-09-06,up_sweep,2018-09-07 01:00:00,1.1625,2018-09-07 03:59:00,0.002389999999999892,False,39.0,0.002389999999999892,0.001140000000000141,1.1625,1.16145
2018-09-09,down_sweep,2018-09-10 01:00:00,1.15541,2018-09-10 03:59:00,0.002809999999999979,False,155.0,0.002809999999999979,0.0013300000000000534,1.15641,1.15541
2018-09-10,up_sweep,2018-09-11 01:00:00,1.15994,2018-09-11 03:59:00,0.004429999999999934,False,4.0,0.004429999999999934,0.00021000000000004349,1.15994,1.15887
2018-09-11,down_sweep,2018-09-12 01:00:00,1.15909,2018-09-12 03:59:00,0.0021100000000000563,True,65.0,0.0021100000000000563,0.0013300000000000534,1.16035,1.15909
2018-09-12,down_sweep,2018-09-13 01:00:00,1.16251,2018-09-13 03:59:00,0.0010099999999999554,False,1.0,0.0010099999999999554,0.0007399999999999629,1.16361,1.16251
2018-09-13,up_sweep,2018-09-14 01:00:00,1.16962,2018-09-14 03:59:00,0.0024999999999999467,False,0.0,0.0024999999999999467,0.0006099999999999994,1.16962,1.16876
2018-09-16,up_sweep,2018-09-17 01:00:00,1.16302,2018-09-17 03:59:00,0.0016500000000001513,False,92.0,0.0016500000000001513,0.0012499999999999734,1.16302,1.16217
2018-09-17,up_sweep,2018-09-18 01:00:00,1.16778,2018-09-18 03:59:00,0.003989999999999938,False,163.0,0.003989999999999938,0.0005100000000000104,1.16778,1.16665
2018-09-18,up_sweep,2018-09-19 01:30:00,1.16814,2018-09-19 03:59:00,0.0023600000000001398,False,48.0,0.0023600000000001398,0.0008299999999998864,1.16814,1.16672
2018-09-19,up_sweep,2018-09-20 01:18:00,1.16814,2018-09-20 03:59:00,0.0022800000000000598,False,4.0,0.0022800000000000598,0.00034999999999985043,1.16814,1.16688
2018-09-20,up_sweep,2018-09-21 01:12:00,1.17842,2018-09-21 03:59:00,0.0018299999999999983,False,0.0,0.0018299999999999983,0.0015199999999999658,1.17842,1.17743
2018-09-23,down_sweep,2018-09-24 01:00:00,1.17445,2018-09-24 03:59:00,0.0020499999999998852,False,0.0,0.0020499999999998852,0.0003900000000001125,1.17526,1.17445
2018-09-24,down_sweep,2018-09-25 01:00:00,1.17487,2018-09-25 03:59:00,0.0009500000000000064,False,79.0,0.0009500000000000064,0.002529999999999921,1.17588,1.17487
2018-09-25,up_sweep,2018-09-26 02:47:00,1.17681,2018-09-26 03:59:00,0.0007200000000000539,True,0.0,0.0007200000000000539,0.0010699999999999044,1.17681,1.17566
2018-09-26,down_sweep,2018-09-27 01:04:00,1.17458,2018-09-27 03:59:00,0.00607000000000002,False,,0.00607000000000002,0.0003500000000000725,1.1757,1.17458
2018-09-27,up_sweep,2018-09-28 01:00:00,1.16436,2018-09-28 03:59:00,0.0007399999999999629,False,9.0,0.0007399999999999629,0.002909999999999968,1.16436,1.16331
2018-09-30,down_sweep,2018-10-01 01:00:00,1.16028,2018-10-01 03:59:00,0.002890000000000059,False,,0.002890000000000059,-0.00048000000000003595,1.16101,1.16028
2018-10-01,down_sweep,2018-10-02 01:00:00,1.15725,2018-10-02 03:59:00,0.004769999999999941,False,,0.004769999999999941,-0.00023999999999979593,1.15784,1.15725
2018-10-02,up_sweep,2018-10-03 01:00:00,1.15541,2018-10-03 03:59:00,0.003849999999999909,False,,0.003849999999999909,-0.0016799999999999038,1.15541,1.15425
2018-10-03,down_sweep,2018-10-04 01:00:00,1.1472,2018-10-04 03:59:00,0.0005999999999999339,False,13.0,0.0005999999999999339,0.0024999999999999467,1.1485,1.1472
2018-10-04,down_sweep,2018-10-05 01:00:00,1.15112,2018-10-05 03:59:00,0.0013999999999998458,False,93.0,0.0013999999999998458,0.0004900000000001015,1.15197,1.15112
2018-10-07,down_sweep,2018-10-08 01:00:00,1.15177,2018-10-08 03:59:00,0.0028200000000000447,False,,0.0028200000000000447,-0.00018999999999991246,1.15293,1.15177
2018-10-08,up_sweep,2018-10-09 01:00:00,1.14947,2018-10-09 03:59:00,0.00045000000000006146,False,15.0,0.00045000000000006146,0.0030799999999999716,1.14947,1.14865
2018-10-09,up_sweep,2018-10-10 01:11:00,1.15084,2018-10-10 03:59:00,0.0006499999999998174,False,50.0,0.0006499999999998174,0.0025300000000001432,1.15084,1.1495
2018-10-10,up_sweep,2018-10-11 01:00:00,1.15421,2018-10-11 03:59:00,0.0020700000000000163,True,96.0,0.0020700000000000163,0.0007099999999999884,1.15421,1.15279
2018-10-11,up_sweep,2018-10-12 01:00:00,1.16024,2018-10-12 03:59:00,0.0008000000000001339,True,33.0,0.0008000000000001339,0.0016199999999999548,1.16024,1.15875
2018-10-14,down_sweep,2018-10-15 01:44:00,1.15478,2018-10-15 03:59:00,0.00035999999999991594,False,1.0,0.00035999999999991594,0.0027800000000000047,1.15557,1.15478
2018-10-15,down_sweep,2018-10-16 01:00:00,1.15812,2018-10-16 03:59:00,0.0015100000000001224,False,139.0,0.0015100000000001224,0.0017199999999999438,1.15923,1.15812
2018-10-16,down_sweep,2018-10-17 01:00:00,1.1572,2018-10-17 03:59:00,0.0023999999999999577,False,,0.0023999999999999577,0.0,1.15804,1.1572
2018-10-17,down_sweep,2018-10-18 01:19:00,1.14948,2018-10-18 03:59:00,0.0013199999999999878,False,17.0,0.0013199999999999878,0.0020599999999999508,1.15048,1.14948
2018-10-18,up_sweep,2018-10-19 01:05:00,1.14598,2018-10-19 03:59:00,0.0009600000000000719,False,2.0,0.0009600000000000719,0.0026800000000000157,1.14598,1.14533
2018-10-21,up_sweep,2018-10-22 01:23:00,1.15138,2018-10-22 03:59:00,0.003609999999999891,False,7.0,0.003609999999999891,0.0005399999999999849,1.15138,1.1498
2018-10-22,down_sweep,2018-10-23 01:00:00,1.14587,2018-10-23 03:59:00,0.0019599999999999618,False,33.0,0.0019599999999999618,0.0015300000000000313,1.14663,1.14587
2018-10-23,down_sweep,2018-10-24 01:01:00,1.14675,2018-10-24 03:59:00,0.004429999999999934,False,0.0,0.004429999999999934,0.0008700000000001484,1.14748,1.14675
2018-10-24,up_sweep,2018-10-25 01:00:00,1.14095,2018-10-25 03:59:00,0.001060000000000061,True,1.0,0.001060000000000061,0.0012799999999999478,1.14095,1.13951
2018-10-25,down_sweep,2018-10-26 01:00:00,1.13667,2018-10-26 03:59:00,0.0008900000000000574,False,0.0,0.0008900000000000574,0.0016799999999999038,1.13763,1.13667
2018-10-28,down_sweep,2018-10-29 01:37:00,1.13895,2018-10-29 03:59:00,8.999999999992347e-05,False,2.0,8.999999999992347e-05,0.0023000000000001908,1.14035,1.13895
2018-10-29,up_sweep,2018-10-30 01:00:00,1.13788,2018-10-30 03:59:00,0.0008900000000000574,False,10.0,0.0008900000000000574,0.0021100000000000563,1.13788,1.13717
2018-10-30,down_sweep,2018-10-31 01:33:00,1.13398,2018-10-31 03:59:00,0.00041000000000002146,True,0.0,0.00041000000000002146,0.0013799999999999368,1.13471,1.13398
2018-10-31,up_sweep,2018-11-01 01:00:00,1.13302,2018-11-01 03:59:00,0.003470000000000084,False,,0.003470000000000084,-0.0007300000000001194,1.13302,1.13126
2018-11-01,up_sweep,2018-11-02 01:00:00,1.14054,2018-11-02 03:59:00,0.0037399999999998546,False,,0.0037399999999998546,-0.00022999999999995246,1.14054,1.13995
2018-11-04,up_sweep,2018-11-05 02:08:00,1.13977,2018-11-05 03:59:00,9.000000000014552e-05,False,0.0,9.000000000014552e-05,0.0020199999999999108,1.13977,1.13847
2018-11-05,down_sweep,2018-11-06 01:00:00,1.14053,2018-11-06 03:59:00,0.00032999999999994145,False,1.0,0.00032999999999994145,0.0018700000000000383,1.1414,1.14053
2018-11-06,up_sweep,2018-11-07 03:17:00,1.14727,2018-11-07 03:59:00,0.0002500000000000835,False,0.0,0.0002500000000000835,0.0009600000000000719,1.14727,1.13982
2018-11-07,down_sweep,2018-11-08 02:07:00,1.1428,2018-11-08 03:59:00,0.0016199999999999548,True,33.0,0.0016199999999999548,0.0016399999999998638,1.14365,1.1428
2018-11-08,down_sweep,2018-11-09 01:00:00,1.13575,2018-11-09 03:59:00,0.0027300000000001212,False,,0.0027300000000001212,-0.0006900000000000794,1.13686,1.13575
2018-11-11,down_sweep,2018-11-12 01:00:00,1.13197,2018-11-12 03:59:00,0.00796999999999981,False,,0.00796999999999981,-0.0008199999999998209,1.13279,1.13197
2018-11-12,up_sweep,2018-11-13 01:00:00,1.12366,2018-11-13 03:59:00,0.0020599999999999508,True,35.0,0.0020599999999999508,0.0011700000000001154,1.12366,1.12215
2018-11-13,down_sweep,2018-11-14 01:00:00,1.13033,2018-11-14 03:59:00,0.00270999999999999,False,,0.00270999999999999,-0.00021000000000004349,1.13189,1.13033
2018-11-14,up_sweep,2018-11-15 01:00:00,1.13236,2018-11-15 03:59:00,0.002769999999999939,True,175.0,0.002769999999999939,0.0016899999999999693,1.13236,1.13113
2018-11-15,up_sweep,2018-11-16 01:01:00,1.1343,2018-11-16 03:59:00,0.002489999999999881,False,34.0,0.002489999999999881,0.0007099999999999884,1.1343,1.13236
2018-11-18,down_sweep,2018-11-19 01:00:00,1.1406,2018-11-19 03:59:00,0.0012300000000000644,False,63.0,0.0012300000000000644,0.0022899999999999032,1.14152,1.1406
2018-11-19,up_sweep,2018-11-20 02:25:00,1.1458,2018-11-20 03:59:00,0.0014300000000000423,False,0.0,0.0014300000000000423,0.002929999999999877,1.1458,1.14426
2018-11-20,up_sweep,2018-11-21 01:00:00,1.13733,2018-11-21 03:59:00,0.003650000000000153,False,,0.003650000000000153,-0.00041000000000002146,1.13733,1.13655
2018-11-21,up_sweep,2018-11-22 01:00:00,1.13922,2018-11-22 03:59:00,0.0019300000000002093,False,,0.0019300000000002093,-0.000180000000000069,1.13922,1.13851
2018-11-22,up_sweep,2018-11-23 01:00:00,1.14075,2018-11-23 03:59:00,0.0013300000000000534,False,91.0,0.0013300000000000534,0.004249999999999865,1.14075,1.14009
2018-11-25,up_sweep,2018-11-26 01:00:00,1.13399,2018-11-26 03:59:00,0.003730000000000011,False,,0.003730000000000011,-0.00036999999999998145,1.13399,1.13262
2018-11-26,up_sweep,2018-11-27 01:00:00,1.13355,2018-11-27 03:59:00,0.0008299999999998864,False,44.0,0.0008299999999998864,0.003049999999999997,1.13355,1.13281
2018-11-27,up_sweep,2018-11-28 01:04:00,1.1297,2018-11-28 03:59:00,0.0003900000000001125,False,34.0,0.0003900000000001125,0.0029999999999998916,1.1297,1.12847
2018-11-28,up_sweep,2018-11-29 01:00:00,1.13718,2018-11-29 03:59:00,0.0025599999999998957,False,,0.0025599999999998957,-9.999999999843467e-06,1.13718,1.13629
2018-11-29,up_sweep,2018-11-30 01:46:00,1.1396,2018-11-30 03:59:00,9.999999999998899e-05,True,1.0,9.999999999998899e-05,0.0020999999999999908,1.1396,1.13846
2018-12-02,up_sweep,2018-12-03 01:00:00,1.13432,2018-12-03 03:59:00,0.003630000000000022,False,,0.003630000000000022,-0.0013099999999999223,1.13432,1.13301
2018-12-03,up_sweep,2018-12-04 01:00:00,1.13663,2018-12-04 03:59:00,0.0031799999999999606,False,,0.0031799999999999606,-0.0007200000000000539,1.13663,1.13499
2018-12-04,down_sweep,2018-12-05 01:00:00,1.13327,2018-12-05 03:59:00,0.0016000000000000458,True,94.0,0.0016000000000000458,0.0011200000000000099,1.13462,1.13327
2018-12-05,down_sweep,2018-12-06 01:00:00,1.13439,2018-12-06 03:59:00,0.0023200000000000998,False,0.0,0.0023200000000000998,0.00017000000000000348,1.13518,1.13439
2018-12-06,down_sweep,2018-12-07 01:00:00,1.13711,2018-12-07 03:59:00,0.0010900000000000354,True,56.0,0.0010900000000000354,0.0011399999999999189,1.13778,1.13711
2018-12-09,up_sweep,2018-12-10 01:10:00,1.14393,2018-12-10 03:59:00,5.0000000000105516e-05,True,0.0,5.0000000000105516e-05,0.0030599999999998406,1.14393,1.13992
2018-12-10,up_sweep,2018-12-11 01:00:00,1.13651,2018-12-11 03:59:00,0.0021700000000000053,False,9.0,0.0021700000000000053,0.0007199999999998319,1.13651,1.13529
2018-12-11,down_sweep,2018-12-12 02:35:00,1.13215,2018-12-12 03:59:00,0.0006599999999998829,True,7.0,0.0006599999999998829,0.0011200000000000099,1.13333,1.13215
2018-12-12,down_sweep,2018-12-13 01:00:00,1.13658,2018-12-13 03:59:00,0.00019999999999997797,False,1.0,0.00019999999999997797,0.0027400000000001867,1.13742,1.13658
2018-12-13,down_sweep,2018-12-14 01:07:00,1.13562,2018-12-14 03:59:00,0.006560000000000121,False,0.0,0.006560000000000121,0.00021999999999988695,1.13649,1.13562
2018-12-16,up_sweep,2018-12-17 01:27:00,1.13105,2018-12-17 03:59:00,0.0016599999999999948,False,,0.0016599999999999948,4.0000000000040004e-05,1.13105,1.13027
2018-12-17,down_sweep,2018-12-18 01:03:00,1.13441,2018-12-18 03:59:00,0.0007500000000000284,False,26.0,0.0007500000000000284,0.003290000000000015,1.136,1.13441
2018-12-18,up_sweep,2018-12-19 01:00:00,1.13865,2018-12-19 03:59:00,0.0019299999999999873,False,3.0,0.0019299999999999873,0.0005699999999999594,1.13865,1.13745
2018-12-19,up_sweep,2018-12-20 01:00:00,1.13879,2018-12-20 03:59:00,0.0046399999999999775,False,10.0,0.0046399999999999775,0.00034000000000000696,1.13879,1.13771
2018-12-20,down_sweep,2018-12-21 01:00:00,1.14481,2018-12-21 03:59:00,0.000520000000000076,False,1.0,0.000520000000000076,0.0025799999999998047,1.14616,1.14481
2018-12-23,up_sweep,2018-12-24 01:00:00,1.13813,2018-12-24 03:59:00,0.0018599999999999728,False,52.0,0.0018599999999999728,0.0007099999999999884,1.13813,1.13705
2018-12-24,up_sweep,2018-12-25 01:00:00,1.14139,2018-12-25 02:58:00,0.00031000000000003247,True,12.0,0.00031000000000003247,0.0022999999999999687,1.14139,1.13974
2018-12-25,down_sweep,2018-12-26 01:20:00,1.13991,2018-12-26 03:59:00,0.0014099999999999113,False,3.0,0.0014099999999999113,0.0008500000000000174,1.14155,1.13991
2018-12-26,up_sweep,2018-12-27 01:00:00,1.13778,2018-12-27 03:59:00,0.0020599999999999508,False,8.0,0.0020599999999999508,0.0006200000000000649,1.13778,1.1358
2018-12-27,up_sweep,2018-12-28 01:00:00,1.14487,2018-12-28 03:59:00,0.0018499999999999073,False,,0.0018499999999999073,4.0000000000040004e-05,1.14487,1.14299
2018-12-30,down_sweep,2018-12-31 01:00:00,1.14374,2018-12-31 03:59:00,0.0013300000000000534,False,115.0,0.0013300000000000534,0.0009600000000000719,1.14502,1.14374
